network_id,name,country,country_code,timezone
2,CBS,United States,US,America/New_York
7,CTV Sci-Fi Channel,Canada,CA,America/Toronto
5,The CW,United States,US,America/New_York
8,HBO,United States,US,America/New_York
9,Paramount+ with Showtime,United States,US,America/New_York
4,FOX,United States,US,America/New_York
3,ABC,United States,US,America/New_York
1,NBC,United States,US,America/New_York
6,Showcase,Canada,CA,America/Toronto
13,FX,United States,US,America/New_York
14,TNT,United States,US,America/New_York
131,Fuji TV,Japan,JP,Asia/Tokyo
159,TBS,Japan,JP,Asia/Tokyo
137,NTV,Japan,JP,Asia/Tokyo
118,History,Canada,CA,America/Toronto
16,Syfy,United States,US,America/New_York
20,AMC,United States,US,America/New_York
15,BBC America,United States,US,America/New_York
17,STARZ,United States,US,America/New_York
18,Lifetime,United States,US,America/New_York
19,Cinemax,United States,US,America/New_York
173,CMT,United States,US,America/New_York
45,Channel 4,United Kingdom,GB,Europe/London
29,A&E,United States,US,America/New_York
30,USA Network,United States,US,America/New_York
55,VH1,United States,US,America/New_York
21,El Rey Network,United States,US,America/New_York
23,Comedy Central,United States,US,America/New_York
25,Disney XD,United States,US,America/New_York
22,MTV,United States,US,America/New_York
26,Freeform,United States,US,America/New_York
27,Nickelodeon,United States,US,America/New_York
28,NewsNation,United States,US,America/New_York
12,BBC One,United Kingdom,GB,Europe/London
31,Audience Network,United States,US,America/New_York
10,Adult Swim,United States,US,America/New_York
129,TF1,France,FR,Europe/Paris
33,SundanceTV,United States,US,America/New_York
35,ITV1,United Kingdom,GB,Europe/London
32,TBS,United States,US,America/New_York
36,CBC,Canada,CA,America/Toronto
37,BBC Two,United Kingdom,GB,Europe/London
164,RTL,Germany,DE,Europe/Busingen
78,Disney Channel,United States,US,America/New_York
40,CNN,United States,US,America/New_York
41,E4,United Kingdom,GB,Europe/London
42,National Geographic,United States,US,America/New_York
43,E!,United States,US,America/New_York
63,Sky Showcase,United Kingdom,GB,Europe/London
151,Citytv,Canada,CA,America/Toronto
47,FXX,United States,US,America/New_York
48,CTV,Canada,CA,America/Toronto
252,Hallmark Mystery,United States,US,America/New_York
11,Cartoon Network,United States,US,America/New_York
51,BBC Four,United Kingdom,GB,Europe/London
52,Bravo,United States,US,America/New_York
53,History,United States,US,America/New_York
49,BBC Three,United Kingdom,GB,Europe/London
54,ITV2,United Kingdom,GB,Europe/London
56,BET,United States,US,America/New_York
57,TV Land,United States,US,America/New_York
58,BET Her,United States,US,America/New_York
59,U&Dave,United Kingdom,GB,Europe/London
60,CBBC,United Kingdom,GB,Europe/London
62,nick@nite,United States,US,America/New_York
65,IFC,United States,US,America/New_York
77,Science,United States,US,America/New_York
67,Global,Canada,CA,America/Toronto
69,Sky Arts,United Kingdom,GB,Europe/London
66,Discovery,United States,US,America/New_York
70,UPN,United States,US,America/New_York
71,The WB,United States,US,America/New_York
72,Syndication,United States,US,America/New_York
73,Nicktoons,United States,US,America/New_York
405,France 4,France,FR,Europe/Paris
1006,Vice TV,United States,US,America/New_York
75,REELZ,United States,US,America/New_York
34,Paramount Network,United States,US,America/New_York
1782,Crave,Canada,CA,America/Toronto
76,TV Tokyo,Japan,JP,Asia/Tokyo
456,Boomerang,United States,US,America/New_York
79,Oxygen True Crime,United States,US,America/New_York
174,Cooking Channel,United States,US,America/New_York
80,TLC,United States,US,America/New_York
82,Travel Channel,United States,US,America/New_York
83,National Geographic Wild,United States,US,America/New_York
84,truTV,United States,US,America/New_York
86,Smithsonian Channel,United States,US,America/New_York
88,Pop,United States,US,America/New_York
81,Food Network,United States,US,America/New_York
89,Investigation Discovery,United States,US,America/New_York
85,PBS,United States,US,America/New_York
90,Magnolia Network,United States,US,America/New_York
540,PBS Kids,United States,US,America/New_York
24,MBS,Japan,JP,Asia/Tokyo
91,NRK1,Norway,NO,Europe/Oslo
92,Animal Planet,United States,US,America/New_York
93,CNBC,United States,US,America/New_York
298,USA Network,Canada,CA,America/Toronto
107,Destination America,United States,US,America/New_York
489,TVO,Canada,CA,America/Toronto
281,NHK,Japan,JP,Asia/Tokyo
176,Discovery Family,United States,US,America/New_York
295,U&W,United Kingdom,GB,Europe/London
96,Telecinco,Spain,ES,Europe/Madrid
97,Antena 3,Spain,ES,Europe/Madrid
98,Cuatro,Spain,ES,Europe/Madrid
827,VisionTV,Canada,CA,America/Toronto
99,TVE,Spain,ES,Europe/Madrid
100,Family Channel,Canada,CA,America/Toronto
101,TeenNick,United States,US,America/New_York
102,RTP1,Portugal,PT,Europe/Lisbon
158,WOWOW,Japan,JP,Asia/Tokyo
44,Sky Witness,United Kingdom,GB,Europe/London
103,Great American Family,United States,US,America/New_York
104,NBCSN,United States,US,America/New_York
105,Canal+,France,FR,Europe/Paris
106,France 2,France,FR,Europe/Paris
50,Hallmark Channel,United States,US,America/New_York
1020,NPO 3,Netherlands,NL,Europe/Amsterdam
109,ZDF,Germany,DE,Europe/Busingen
110,HBO,Chile,CL,America/Santiago
113,Sky Atlantic,United Kingdom,GB,Europe/London
112,RTL4,Netherlands,NL,Europe/Amsterdam
376,Cartoon Network,Canada,CA,America/Toronto
114,ABC,Australia,AU,Australia/Sydney
115,DR1,Denmark,DK,Europe/Copenhagen
116,ABC Entertains,Australia,AU,Australia/Sydney
117,Logo TV,United States,US,America/New_York
120,Nine Network,Australia,AU,Australia/Sydney
121,VRT 1,Belgium,BE,Europe/Brussels
122,WE tv,United States,US,America/New_York
123,TV4,Sweden,SE,Europe/Stockholm
124,HBO,Canada,CA,America/Toronto
242,National Geographic,United Kingdom,GB,Europe/London
125,FYI,United States,US,America/New_York
1018,NPO 1,Netherlands,NL,Europe/Amsterdam
127,SBS,"Korea, Republic of",KR,Asia/Seoul
128,KBS2,"Korea, Republic of",KR,Asia/Seoul
132,Tokyo MX,Japan,JP,Asia/Tokyo
133,BS11,Japan,JP,Asia/Tokyo
270,Showcase,Australia,AU,Australia/Sydney
39,ESPN,United States,US,America/New_York
135,5,United Kingdom,GB,Europe/London
165,RTÉ ONE,Ireland,IE,Europe/Dublin
136,Nagoya Broadcasting Network,Japan,JP,Asia/Tokyo
139,SBS 6,Netherlands,NL,Europe/Amsterdam
140,SBS,Australia,AU,Australia/Sydney
368,Quest,United Kingdom,GB,Europe/London
141,DR3,Denmark,DK,Europe/Copenhagen
142,MotorTrend,United States,US,America/New_York
144,YTV,Canada,CA,America/Toronto
145,MTV2,United States,US,America/New_York
146,La 1,Spain,ES,Europe/Madrid
147,RTVE,Spain,ES,Europe/Madrid
148,La Sexta,Spain,ES,Europe/Madrid
406,London Weekend Television,United Kingdom,GB,Europe/London
64,S4C,United Kingdom,GB,Europe/London
1322,MTV,Portugal,PT,Europe/Lisbon
251,Seven Network,Australia,AU,Australia/Sydney
149,Network 10,Australia,AU,Australia/Sydney
797,CHCH,Canada,CA,America/Toronto
155,SVT1,Sweden,SE,Europe/Stockholm
156,VTM,Belgium,BE,Europe/Brussels
157,Animax,Japan,JP,Asia/Tokyo
160,Kids Station,Japan,JP,Asia/Tokyo
161,TV Kanagawa,Japan,JP,Asia/Tokyo
162,TV Saitama,Japan,JP,Asia/Tokyo
167,AT-X,Japan,JP,Asia/Tokyo
949,T+E,Canada,CA,America/Toronto
163,SUN-TV,Japan,JP,Asia/Tokyo
166,MBC,"Korea, Republic of",KR,Asia/Seoul
208,Ovation,United States,US,America/New_York
1061,Fox Reality Channel,United States,US,America/New_York
192,HGTV,United States,US,America/New_York
211,Pivot,United States,US,America/New_York
193,HLN,United States,US,America/New_York
229,AHC,United States,US,America/New_York
326,Bravo,United Kingdom,GB,Europe/London
230,Channel 10,Israel,IL,Asia/Jerusalem
201,MS NOW,United States,US,America/New_York
169,Al Jazeera America,United States,US,America/New_York
231,Sky Atlantic,Italy,IT,Europe/Rome
188,Golf Channel,United States,US,America/New_York
184,Esquire Network,United States,US,America/New_York
232,Lifetime Movies,United States,US,America/New_York
207,Outdoor Channel,United States,US,America/New_York
189,Game Show Network,United States,US,America/New_York
172,Bloomberg TV,United States,US,America/New_York
185,Fox News Channel,United States,US,America/New_York
206,Nick Jr.,United States,US,America/New_York
228,The Weather Channel,United States,US,America/New_York
235,ORF 1,Austria,AT,Europe/Vienna
236,Oprah Winfrey Network,United States,US,America/New_York
1245,MCOT HD,Thailand,TH,Asia/Bangkok
1397,Channel 8,Thailand,TH,Asia/Bangkok
307,Первый канал,Russian Federation,RU,Asia/Kamchatka
263,TV Asahi,Japan,JP,Asia/Tokyo
1019,NPO 2,Netherlands,NL,Europe/Amsterdam
241,TVB,Hong Kong,HK,Asia/Hong_Kong
224,TV One,United States,US,America/New_York
170,AXS TV,United States,US,America/New_York
277,GTH on Air,Thailand,TH,Asia/Bangkok
245,ABC,Japan,JP,Asia/Tokyo
95,Fox Sports 1,United States,US,America/New_York
246,Kanal 5,Denmark,DK,Europe/Copenhagen
247,Mnet,"Korea, Republic of",KR,Asia/Seoul
248,G4,United States,US,America/New_York
1721,Gulli,France,FR,Europe/Paris
250,Challenge,United Kingdom,GB,Europe/London
359,FOX,United Kingdom,GB,Europe/London
143,Discovery,United Kingdom,GB,Europe/London
253,MGM+,United States,US,America/New_York
177,Discovery Life,United States,US,America/New_York
261,Bounce,United States,US,America/New_York
262,KBS1,"Korea, Republic of",KR,Asia/Seoul
227,UP TV,United States,US,America/New_York
264,TVN,Chile,CL,America/Santiago
266,HBO,Brazil,BR,America/Noronha
267,OCN,"Korea, Republic of",KR,Asia/Seoul
268,jTBC,"Korea, Republic of",KR,Asia/Seoul
269,StarPlus,India,IN,Asia/Kolkata
271,RTV Utrecht,Netherlands,NL,Europe/Amsterdam
186,FUSE TV,United States,US,America/New_York
272,CBS Sports Network,United States,US,America/New_York
239,Россия 1,Russian Federation,RU,Asia/Kamchatka
273,Canal+ Premium,Poland,PL,Europe/Warsaw
723,National Geographic,Australia,AU,Australia/Sydney
275,TG4,Ireland,IE,Europe/Dublin
276,Hunan TV,China,CN,Asia/Shanghai
279,TVB Jade,Hong Kong,HK,Asia/Hong_Kong
280,tvN,"Korea, Republic of",KR,Asia/Seoul
282,Multishow,Brazil,BR,America/Noronha
283,Shenzhen TV,China,CN,Asia/Shanghai
457,National Geographic Abu Dhabi,United Arab Emirates,AE,Asia/Dubai
285,TV Chosun,"Korea, Republic of",KR,Asia/Seoul
180,ESPN2,United States,US,America/New_York
286,W Network,Canada,CA,America/Toronto
249,France 3,France,FR,Europe/Paris
288,ČT1,Czech Republic,CZ,Europe/Prague
290,Net5,Netherlands,NL,Europe/Amsterdam
187,Fusion,United States,US,America/New_York
978,MTV,India,IN,Asia/Kolkata
292,Three,New Zealand,NZ,Pacific/Auckland
1031,TVNZ 1,New Zealand,NZ,Pacific/Auckland
548,More4,United Kingdom,GB,Europe/London
294,Arena,Australia,AU,Australia/Sydney
94,MTV,United Kingdom,GB,Europe/London
452,TVNZ 2,New Zealand,NZ,Pacific/Auckland
299,Sky Uno,Italy,IT,Europe/Rome
300,НТВ,Russian Federation,RU,Asia/Kamchatka
301,ABC Family,Australia,AU,Australia/Sydney
620,TNT Sports 1,United Kingdom,GB,Europe/London
302,Dragon TV,China,CN,Asia/Shanghai
304,СТС,Russian Federation,RU,Asia/Kamchatka
781,Channel 2,Israel,IL,Asia/Jerusalem
549,ITV Encore,United Kingdom,GB,Europe/London
308,ТНТ,Russian Federation,RU,Asia/Kamchatka
638,National Geographic Wild,United Kingdom,GB,Europe/London
309,Comedy Central,United Kingdom,GB,Europe/London
310,ITV4,United Kingdom,GB,Europe/London
311,KBS Drama,"Korea, Republic of",KR,Asia/Seoul
590,BBC Red Button 1,United Kingdom,GB,Europe/London
312,Disney Channel,United Kingdom,GB,Europe/London
314,TVNorge,Norway,NO,Europe/Oslo
696,BBC News (Europe),United Kingdom,GB,Europe/London
316,MBC Dramanet,"Korea, Republic of",KR,Asia/Seoul
317,MBN,"Korea, Republic of",KR,Asia/Seoul
318,Super Channel Fuse,Canada,CA,America/Toronto
1042,BBC One Scotland,United Kingdom,GB,Europe/London
320,MTV,Canada,CA,America/Toronto
322,TV2,Denmark,DK,Europe/Copenhagen
323,Virgin Media One,Ireland,IE,Europe/Dublin
324,Music & Memories,United Kingdom,GB,Europe/London
430,World,United States,US,America/New_York
1015,National Geographic,South Africa,ZA,Africa/Johannesburg
325,Flavour Network,Canada,CA,America/Toronto
205,NFL Network,United States,US,America/New_York
1288,National Geographic,Norway,NO,Europe/Oslo
327,Family Movie Channel,Australia,AU,Australia/Sydney
345,U&Yesterday,United Kingdom,GB,Europe/London
330,Comedy,Australia,AU,Australia/Sydney
388,U&GOLD,United Kingdom,GB,Europe/London
332,Nova TV,Bulgaria,BG,Europe/Sofia
333,TVP2,Poland,PL,Europe/Warsaw
334,TVN,Poland,PL,Europe/Warsaw
335,Polsat,Poland,PL,Europe/Warsaw
336,TVP1,Poland,PL,Europe/Warsaw
1039,Disney Junior,United States,US,America/New_York
219,Telemundo,United States,US,America/New_York
338,Sub.,Finland,FI,Europe/Helsinki
1277,MBC Every1,"Korea, Republic of",KR,Asia/Seoul
340,Current TV,United States,US,America/New_York
1848,Sky One,United Kingdom,GB,Europe/London
945,Viceland,Canada,CA,America/Toronto
342,Universal Kids,United States,US,America/New_York
343,Really,United Kingdom,GB,Europe/London
344,PRO TV,Romania,RO,Europe/Bucharest
346,Crime & Investigation,United Kingdom,GB,Europe/London
347,SET TV,"Taiwan, Province of China",TW,Asia/Taipei
348,ProSieben,Germany,DE,Europe/Busingen
350,bravo,Canada,CA,America/Toronto
351,Lifetime Asia,Singapore,SG,Asia/Singapore
352,BBC One Wales,United Kingdom,GB,Europe/London
353,BBC Two Wales,United Kingdom,GB,Europe/London
476,YTV,Japan,JP,Asia/Tokyo
814,E!,Canada,CA,America/Toronto
355,ICTV,Ukraine,UA,Europe/Kyiv
366,1-й Балтийский канал,Latvia,LV,Europe/Riga
365,Україна,Ukraine,UA,Europe/Kyiv
360,Das Erste,Germany,DE,Europe/Busingen
361,RTL7,Netherlands,NL,Europe/Amsterdam
1030,M-Net,South Africa,ZA,Africa/Johannesburg
362,HBO,Singapore,SG,Asia/Singapore
364,Canale 5,Italy,IT,Europe/Rome
367,B92,Serbia,RS,Europe/Belgrade
370,Sky Cinema,Italy,IT,Europe/Rome
411,FOX8,Australia,AU,Australia/Sydney
809,CMT,Canada,CA,America/Toronto
373,RTL5,Netherlands,NL,Europe/Amsterdam
372,MTV3,Finland,FI,Europe/Helsinki
1027,Bravo,New Zealand,NZ,Pacific/Auckland
377,Пятница,Russian Federation,RU,Asia/Kamchatka
511,History,Singapore,SG,Asia/Singapore
514,ТВ-3,Russian Federation,RU,Asia/Kamchatka
1075,ЦТ СССР,Russian Federation,RU,Asia/Kamchatka
217,Sportsman Channel,United States,US,America/New_York
378,FM,United States,US,America/New_York
374,TV Globo,Brazil,BR,America/Noronha
1029,СТС Love,Russian Federation,RU,Asia/Kamchatka
392,TV Puls,Poland,PL,Europe/Warsaw
226,Univision,United States,US,America/New_York
1010,Czechoslovak Television,Czech Republic,CZ,Europe/Prague
379,Інтер,Ukraine,UA,Europe/Kyiv
380,СТБ,Ukraine,UA,Europe/Kyiv
381,Play,Belgium,BE,Europe/Brussels
441,VRT CANVAS,Belgium,BE,Europe/Brussels
382,VTM 2,Belgium,BE,Europe/Brussels
383,Sky PerfecTV,Japan,JP,Asia/Tokyo
384,GDS TV,Georgia,GE,Asia/Tbilisi
433,CITV,United Kingdom,GB,Europe/London
389,BBC One Northern Ireland,United Kingdom,GB,Europe/London
371,Chiba TV,Japan,JP,Asia/Tokyo
390,Rai 1,Italy,IT,Europe/Rome
391,London Live,United Kingdom,GB,Europe/London
393,Channel One,United Kingdom,GB,Europe/London
399,HBO,Poland,PL,Europe/Warsaw
397,Sat.1,Germany,DE,Europe/Busingen
398,NDR,Germany,DE,Europe/Busingen
402,Новий Канал,Ukraine,UA,Europe/Kyiv
403,TV2,Hungary,HU,Europe/Budapest
407,Movistar Plus+,Spain,ES,Europe/Madrid
816,MUCH,Canada,CA,America/Toronto
409,Star TV,Turkey,TR,Europe/Istanbul
408,Play Fictie,Belgium,BE,Europe/Brussels
410,MBC1,Saudi Arabia,SA,Asia/Riyadh
297,CCTV-8,China,CN,Asia/Shanghai
1595,Fox,Spain,ES,Europe/Madrid
243,Nickelodeon,United Kingdom,GB,Europe/London
485,7mate,Australia,AU,Australia/Sydney
413,Duna TV,Hungary,HU,Europe/Budapest
415,ARTE,Germany,DE,Europe/Busingen
339,TV 2 Direkte,Norway,NO,Europe/Oslo
416,GTV,"Taiwan, Province of China",TW,Asia/Taipei
417,Kanal D,Turkey,TR,Europe/Istanbul
418,HBO,Czech Republic,CZ,Europe/Prague
426,RTL,Hungary,HU,Europe/Budapest
278,ABS-CBN,Philippines,PH,Asia/Manila
419,NBC Universo,Mexico,MX,America/Monterrey
420,Top Channel,Albania,AL,Europe/Tirane
421,1TV,Afghanistan,AF,Asia/Kabul
422,Telefe,Argentina,AR,America/Argentina/Ushuaia
423,1+1,Ukraine,UA,Europe/Kyiv
424,MBC,United Arab Emirates,AE,Asia/Dubai
427,RTL-TVI,Belgium,BE,Europe/Brussels
428,Shant TV,Armenia,AM,Asia/Yerevan
429,AXN Asia,Singapore,SG,Asia/Singapore
431,On Style,"Korea, Republic of",KR,Asia/Seoul
432,OCS Max,France,FR,Europe/Paris
451,ICI Radio-Canada Télé,Canada,CA,America/Toronto
1053,Play UK,United Kingdom,GB,Europe/London
434,ATV,Azerbaijan,AZ,Asia/Baku
375,Rede Record,Brazil,BR,America/Noronha
435,bTV,Bulgaria,BG,Europe/Sofia
436,Nickelodeon,Netherlands,NL,Europe/Amsterdam
313,Life Style.,Australia,AU,Australia/Sydney
401,VIASAT3,Hungary,HU,Europe/Budapest
437,Rai 2,Italy,IT,Europe/Rome
553,5STAR,United Kingdom,GB,Europe/London
438,Colors,India,IN,Asia/Kolkata
458,CBeebies,United Kingdom,GB,Europe/London
440,AXN,Poland,PL,Europe/Warsaw
726,Home Network,Canada,CA,America/Toronto
551,itv QUiZ,United Kingdom,GB,Europe/London
1076,Space,Argentina,AR,America/Argentina/Ushuaia
821,CTV Comedy Channel,Canada,CA,America/Toronto
442,RTL2,Hungary,HU,Europe/Budapest
443,SuperTV2,Hungary,HU,Europe/Budapest
444,Jiangsu TV,China,CN,Asia/Shanghai
445,Sky Sports 1,United Kingdom,GB,Europe/London
1494,Disney Channel,Argentina,AR,America/Argentina/Ushuaia
446,Disney Channel,Germany,DE,Europe/Busingen
448,Disney Channel,Italy,IT,Europe/Rome
181,ESPNews,United States,US,America/New_York
450,Disney Channel,Israel,IL,Asia/Jerusalem
453,JIM,Belgium,BE,Europe/Brussels
454,BNT 1,Bulgaria,BG,Europe/Sofia
1648,BBC Scotland,United Kingdom,GB,Europe/London
519,Travel Channel,United Kingdom,GB,Europe/London
1013,TV2 Zulu,Denmark,DK,Europe/Copenhagen
357,ESPN Classic,United States,US,America/New_York
472,Slice,Canada,CA,America/Toronto
569,Sky Mix,United Kingdom,GB,Europe/London
460,El Trece,Argentina,AR,America/Argentina/Ushuaia
461,M2,Hungary,HU,Europe/Budapest
462,Warner TV Serie,Germany,DE,Europe/Busingen
463,FTV,"Taiwan, Province of China",TW,Asia/Taipei
1086,MBC Music,"Korea, Republic of",KR,Asia/Seoul
464,MTV,Poland,PL,Europe/Warsaw
465,CTV,"Taiwan, Province of China",TW,Asia/Taipei
152,TV3,Spain,ES,Europe/Madrid
467,BYUtv,United States,US,America/New_York
470,HKTV,Hong Kong,HK,Asia/Hong_Kong
471,Réseau Des Sports,Canada,CA,America/Toronto
468,CRIME,Australia,AU,Australia/Sydney
474,yesSTARS,Israel,IL,Asia/Jerusalem
475,TV Aichi,Japan,JP,Asia/Tokyo
473,Stöð 2,Iceland,IS,Atlantic/Reykjavik
477,BBC Lifestyle,South Africa,ZA,Africa/Johannesburg
478,M6,France,FR,Europe/Paris
499,NOW,Turkey,TR,Europe/Istanbul
480,OMNI,Canada,CA,America/Toronto
479,Hum TV,Pakistan,PK,Asia/Karachi
481,Beijing TV,China,CN,Asia/Shanghai
482,Fox Crime,Italy,IT,Europe/Rome
225,UniMás,United States,US,America/New_York
358,Sky Open,New Zealand,NZ,Pacific/Auckland
484,ETV,Estonia,EE,Europe/Tallinn
483,Real Crime.,Australia,AU,Australia/Sydney
536,HBO,Hungary,HU,Europe/Budapest
486,Whakaata Māori,New Zealand,NZ,Pacific/Auckland
1471,Sky Sports Premier League,United Kingdom,GB,Europe/London
501,Звезда,Russian Federation,RU,Asia/Kamchatka
203,MyNetworkTV,United States,US,America/New_York
1235,MTV,Spain,ES,Europe/Madrid
495,Домашний,Russian Federation,RU,Asia/Kamchatka
1096,NHK World,Japan,JP,Asia/Tokyo
529,Las Estrellas,Mexico,MX,America/Monterrey
733,Pursuit Channel,United States,US,America/New_York
182,ESPNU,United States,US,America/New_York
1505,M1,Hungary,HU,Europe/Budapest
213,RFD-TV,United States,US,America/New_York
500,Zee TV,India,IN,Asia/Kolkata
502,Sony PAL,India,IN,Asia/Kolkata
503,Star Bharat,India,IN,Asia/Kolkata
504,ATV,Turkey,TR,Europe/Istanbul
505,РЕН ТВ,Russian Federation,RU,Asia/Kamchatka
506,TTV,"Taiwan, Province of China",TW,Asia/Taipei
315,BBC World News,United Kingdom,GB,Europe/London
510,SAT1 Emotions,Germany,DE,Europe/Busingen
508,WDR,Germany,DE,Europe/Busingen
513,Canal 9,Argentina,AR,America/Argentina/Ushuaia
512,ZDFneo,Germany,DE,Europe/Busingen
199,MLB Network,United States,US,America/New_York
516,NHL Network,United States,US,America/New_York
517,RTL Nitro,Germany,DE,Europe/Busingen
518,VOX,Germany,DE,Europe/Busingen
785,RTL 2,Germany,DE,Europe/Busingen
520,REVOLT,United States,US,America/New_York
214,SEC Network,United States,US,America/New_York
521,Channel 5,Singapore,SG,Asia/Singapore
522,Discovery,Hungary,HU,Europe/Budapest
524,Fox Business Network,United States,US,America/New_York
984,ORTF,France,FR,Europe/Paris
526,Rede Manchete,Brazil,BR,America/Noronha
661,Cartoonito,United Kingdom,GB,Europe/London
1281,Kanal 5,Sweden,SE,Europe/Stockholm
414,ARTE,France,FR,Europe/Paris
466,Fearnet,United States,US,America/New_York
1604,Fox Premium,Colombia,CO,America/Bogota
531,НЛО TV,Ukraine,UA,Europe/Kyiv
542,TET,Ukraine,UA,Europe/Kyiv
530,2x2,Russian Federation,RU,Asia/Kamchatka
534,Yle TV2,Finland,FI,Europe/Helsinki
1491,Canal Once,Mexico,MX,America/Monterrey
535,Estrella TV,United States,US,America/New_York
639,Sky History,United Kingdom,GB,Europe/London
775,A&E,Australia,AU,Australia/Sydney
537,IRIB TV1,"Iran, Islamic Republic of",IR,Asia/Tehran
539,TVA,Canada,CA,America/Toronto
538,Channel A,"Korea, Republic of",KR,Asia/Seoul
1613,OCS City,France,FR,Europe/Paris
1863,Noovo,Canada,CA,America/Toronto
649,Food Network,United Kingdom,GB,Europe/London
1012,Zhejiang TV,China,CN,Asia/Shanghai
617,Sky Sports F1,United Kingdom,GB,Europe/London
544,RTL,Croatia,HR,Europe/Zagreb
1387,Prva Srpska Televizija,Serbia,RS,Europe/Belgrade
533,TV Osaka,Japan,JP,Asia/Tokyo
566,TRUE CRIME,United Kingdom,GB,Europe/London
758,TBN,United States,US,America/New_York
547,SABC,South Africa,ZA,Africa/Johannesburg
554,Yes,Israel,IL,Asia/Jerusalem
555,CNBC World,United States,US,America/New_York
556,BBC Two Northern Ireland,United Kingdom,GB,Europe/London
1275,MTV Classic,United States,US,America/New_York
559,Bindass,India,IN,Asia/Kolkata
560,RTP2,Portugal,PT,Europe/Lisbon
1565,5Select,United Kingdom,GB,Europe/London
659,OUTtv,Canada,CA,America/Toronto
660,insp,United States,US,America/New_York
712,Universo,United States,US,America/New_York
640,Sky History2,United Kingdom,GB,Europe/London
565,BBC Alba,United Kingdom,GB,Europe/London
720,MTV Россия,Russian Federation,RU,Asia/Kamchatka
1058,TV3,Denmark,DK,Europe/Copenhagen
585,Forces TV,United Kingdom,GB,Europe/London
583,Frontrunner,United Kingdom,GB,Europe/London
1398,True4U,Thailand,TH,Asia/Bangkok
716,ЧЕ!,Russian Federation,RU,Asia/Kamchatka
1262,One31,Thailand,TH,Asia/Bangkok
718,Channel 3,Thailand,TH,Asia/Bangkok
783,Седьмой канал,Kazakhstan,KZ,Asia/Qyzylorda
721,Матч ТВ,Russian Federation,RU,Asia/Kamchatka
498,Spektrum,Hungary,HU,Europe/Budapest
722,Real History.,Australia,AU,Australia/Sydney
1059,Life Style. Food,Australia,AU,Australia/Sydney
763,BBC One Yorkshire,United Kingdom,GB,Europe/London
646,HGTV,United Kingdom,GB,Europe/London
724,Sci-Fi,Australia,AU,Australia/Sydney
728,7two,Australia,AU,Australia/Sydney
756,10 Bold Drama,Australia,AU,Australia/Sydney
729,10 Peach Comedy,Australia,AU,Australia/Sydney
730,C31,Australia,AU,Australia/Sydney
731,Movie Extra,Australia,AU,Australia/Sydney
488,TCM,United States,US,America/New_York
1359,Armenia TV,Armenia,AM,Asia/Yerevan
898,WildBrainTV,Canada,CA,America/Toronto
1095,GMM25,Thailand,TH,Asia/Bangkok
1749,Sky Nature,United Kingdom,GB,Europe/London
612,Sky Sports News,United Kingdom,GB,Europe/London
735,Olympic Channel,United States,US,America/New_York
175,Create,United States,US,America/New_York
194,ION,United States,US,America/New_York
1313,MTV Live,United States,US,America/New_York
737,ТВ Центр,Russian Federation,RU,Asia/Kamchatka
1734,5Action,United Kingdom,GB,Europe/London
552,5Spike,United Kingdom,GB,Europe/London
740,Ríkisútvarpið,Iceland,IS,Atlantic/Reykjavik
741,MSG,United States,US,America/New_York
739,RACER Network,United States,US,America/New_York
138,Pay-Per-View,United States,US,America/New_York
744,O'live,"Korea, Republic of",KR,Asia/Seoul
746,CNBC Europe,United Kingdom,GB,Europe/London
747,KCTV,"Korea, Democratic People's Republic of",KP,Asia/Pyongyang
717,Channel 5,Thailand,TH,Asia/Bangkok
587,YourTV,United Kingdom,GB,Europe/London
748,Chilevisión,Chile,CL,America/Santiago
749,DuMont Television Network,United States,US,America/New_York
558,TV3,Sweden,SE,Europe/Stockholm
750,SIC Mulher,Portugal,PT,Europe/Lisbon
751,DFF,Germany,DE,Europe/Busingen
752,ITV London,United Kingdom,GB,Europe/London
645,TLC,United Kingdom,GB,Europe/London
755,Show TV,Turkey,TR,Europe/Istanbul
1853,Victory Channel,United States,US,America/New_York
760,PTS,"Taiwan, Province of China",TW,Asia/Taipei
770,BBC One London,United Kingdom,GB,Europe/London
767,BBC One East,United Kingdom,GB,Europe/London
765,BBC One East Midlands,United Kingdom,GB,Europe/London
761,BBC One North East and Cumbria,United Kingdom,GB,Europe/London
762,BBC One North West,United Kingdom,GB,Europe/London
768,BBC One West,United Kingdom,GB,Europe/London
766,BBC One Midlands,United Kingdom,GB,Europe/London
764,BBC One Yorkshire and Lincolnshire,United Kingdom,GB,Europe/London
771,BBC One South East,United Kingdom,GB,Europe/London
772,BBC One South West,United Kingdom,GB,Europe/London
769,BBC One South,United Kingdom,GB,Europe/London
773,Kunskapskanalen,Sweden,SE,Europe/Stockholm
776,History,South Africa,ZA,Africa/Johannesburg
777,STV,United Kingdom,GB,Europe/London
581,AMC UK,United Kingdom,GB,Europe/London
779,Дом Кино Премиум,Russian Federation,RU,Asia/Kamchatka
586,ShowBiz,United Kingdom,GB,Europe/London
608,Sony Movie Channel,United Kingdom,GB,Europe/London
550,ITV3,United Kingdom,GB,Europe/London
651,Good Food,United Kingdom,GB,Europe/London
782,CTS,"Taiwan, Province of China",TW,Asia/Taipei
787,Channel 7,Thailand,TH,Asia/Bangkok
198,Me-TV,United States,US,America/New_York
788,КТК,Kazakhstan,KZ,Asia/Qyzylorda
714,EBS,"Korea, Republic of",KR,Asia/Seoul
789,National Geographic,Spain,ES,Europe/Madrid
790,Пятый канал,Russian Federation,RU,Asia/Kamchatka
912,ORF 2,Austria,AT,Europe/Vienna
972,Veronica,Netherlands,NL,Europe/Amsterdam
973,Ketnet,Belgium,BE,Europe/Brussels
974,Comedy Central,Netherlands,NL,Europe/Amsterdam
976,TRT1,Turkey,TR,Europe/Istanbul
1021,NTS,Netherlands,NL,Europe/Amsterdam
952,Wild TV,Canada,CA,America/Toronto
1369,Quest Red,United Kingdom,GB,Europe/London
662,Nick Jr.,United Kingdom,GB,Europe/London
979,KiKa,Germany,DE,Europe/Busingen
980,France 5,France,FR,Europe/Paris
983,TMF,Netherlands,NL,Europe/Amsterdam
985,RTS Un,Switzerland,CH,Europe/Zurich
212,Qubo,United States,US,America/New_York
986,Nolife,France,FR,Europe/Paris
1378,REX,Norway,NO,Europe/Oslo
988,Here TV,United States,US,America/New_York
992,Jetix,United Kingdom,GB,Europe/London
993,SCRIPPS NEWS,United States,US,America/New_York
994,GMA,Philippines,PH,Asia/Manila
995,Venevisión,"Venezuela, Bolivarian Republic of",VE,America/Caracas
996,Bandai Channel,Japan,JP,Asia/Tokyo
999,Cadenatres,Mexico,MX,America/Monterrey
998,Azteca,Mexico,MX,America/Monterrey
1004,Unicable,Mexico,MX,America/Monterrey
1001,América Televisión,Peru,PE,America/Lima
1002,Caracol Televisión,Colombia,CO,America/Bogota
1003,Disney Channel,Spain,ES,Europe/Madrid
1000,RCN Televisión,Colombia,CO,America/Bogota
1005,WAPA-TV,Puerto Rico,PR,America/Puerto_Rico
1008,SRF 1,Switzerland,CH,Europe/Zurich
1009,C-SPAN,United States,US,America/New_York
655,Disney XD,United Kingdom,GB,Europe/London
1016,БЕЛСАТ TV,Belarus,BY,Europe/Minsk
1022,Geo Entertainment,Pakistan,PK,Asia/Karachi
1024,RCTV,"Venezuela, Bolivarian Republic of",VE,America/Caracas
1026,Television Maldives,Maldives,MV,Indian/Maldives
813,DTOUR,Canada,CA,America/Toronto
196,Localish,United States,US,America/New_York
1918,Adult Swim,Canada,CA,America/Toronto
808,CBC News Network,Canada,CA,America/Toronto
885,Cottage Life,Canada,CA,America/Toronto
1033,HOT3,Israel,IL,Asia/Jerusalem
1034,Channel 8,Singapore,SG,Asia/Singapore
1036,RMC Découverte,France,FR,Europe/Paris
1035,Playboy TV,United States,US,America/New_York
803,Knowledge Network,Canada,CA,America/Toronto
1729,SBT,Brazil,BR,America/Noronha
1037,GNT,Brazil,BR,America/Noronha
839,Télé Toon,Canada,CA,America/Toronto
1038,BBC Earth,Hong Kong,HK,Asia/Hong_Kong
635,Animal Planet,United Kingdom,GB,Europe/London
1040,Hubei TV,China,CN,Asia/Shanghai
1041,Qingdao TV,China,CN,Asia/Shanghai
654,Nicktoons,United Kingdom,GB,Europe/London
1043,MTV,Japan,JP,Asia/Tokyo
641,U&Eden,United Kingdom,GB,Europe/London
881,Boomerang,Canada,CA,America/Toronto
1044,Ю,Russian Federation,RU,Asia/Kamchatka
190,HBO Family,United States,US,America/New_York
1045,BBC Two Scotland,United Kingdom,GB,Europe/London
695,Sky News,United Kingdom,GB,Europe/London
1063,Comedy Central,Hungary,HU,Europe/Budapest
1046,TV Pública,Argentina,AR,America/Argentina/Ushuaia
817,Oprah Winfrey Network,Canada,CA,America/Toronto
1047,Bally Sports Sun,United States,US,America/New_York
1854,Bloomberg Europe,United Kingdom,GB,Europe/London
1049,Super!,Italy,IT,Europe/Rome
1050,Canal J,France,FR,Europe/Paris
1051,Discovery,Australia,AU,Australia/Sydney
1054,RTÉ2,Ireland,IE,Europe/Dublin
697,BBC Parliament,United Kingdom,GB,Europe/London
1055,Sony Entertainment Television,India,IN,Asia/Kolkata
1706,Sky Crime,United Kingdom,GB,Europe/London
794,Yes TV,Canada,CA,America/Toronto
1067,Discovery,South Africa,ZA,Africa/Johannesburg
1065,Hakka TV,"Taiwan, Province of China",TW,Asia/Taipei
1563,KBS N,"Korea, Republic of",KR,Asia/Seoul
1070,LifeStyle YOU,Australia,AU,Australia/Sydney
1617,Fox Life,Thailand,TH,Asia/Bangkok
869,ABC Spark,Canada,CA,America/Toronto
1073,TLC,Russian Federation,RU,Asia/Kamchatka
1071,MEGA Channel,Greece,GR,Europe/Athens
1072,Pink BH,Bosnia and Herzegovina,BA,Europe/Sarajevo
1367,C More,Sweden,SE,Europe/Stockholm
989,Карусель,Russian Federation,RU,Asia/Kamchatka
1077,Jetix,France,FR,Europe/Paris
1222,La Une,Belgium,BE,Europe/Brussels
1082,TV4,Poland,PL,Europe/Warsaw
925,Makeful,Canada,CA,America/Toronto
854,Family Jr.,Canada,CA,America/Toronto
921,Oxygen True Crime,Canada,CA,America/Toronto
1144,9Gem,Australia,AU,Australia/Sydney
894,Magnolia Network,Canada,CA,America/Toronto
1817,Lifetime,"Korea, Republic of",KR,Asia/Seoul
1083,Rede Bandeirantes,Brazil,BR,America/Noronha
1084,[V],Australia,AU,Australia/Sydney
1085,Bandamax,United States,US,America/New_York
1091,TMC,France,FR,Europe/Paris
805,Télé-Québec,Canada,CA,America/Toronto
1092,UHB,Japan,JP,Asia/Tokyo
1093,DD National,India,IN,Asia/Kolkata
1094,FAMOUS,Australia,AU,Australia/Sydney
1097,Liaoning TV,China,CN,Asia/Shanghai
1098,VIASAT6,Hungary,HU,Europe/Budapest
613,Sky Sports 2,United Kingdom,GB,Europe/London
1221,TVS TV,China,CN,Asia/Shanghai
1859,Discovery Kids,Brazil,BR,America/Noronha
1223,Феникс Плюс Кино,Russian Federation,RU,Asia/Kamchatka
1106,Te Reo,New Zealand,NZ,Pacific/Auckland
909,CTV Life Channel,Canada,CA,America/Toronto
935,One,Canada,CA,America/Toronto
1233,NuvoTV,United States,US,America/New_York
1234,CBC,Japan,JP,Asia/Tokyo
1236,Alpha,Greece,GR,Europe/Athens
1153,ABC News,Australia,AU,Australia/Sydney
1154,ABC Kids,Australia,AU,Australia/Sydney
1239,&TV,India,IN,Asia/Kolkata
1240,e.tv,South Africa,ZA,Africa/Johannesburg
1145,9Go!,Australia,AU,Australia/Sydney
1152,SBS Viceland,Australia,AU,Australia/Sydney
858,Super Channel Heart & Home,Canada,CA,America/Toronto
1241,QAB,Japan,JP,Asia/Tokyo
1201,Animal Planet,Australia,AU,Australia/Sydney
1242,PULS4,Austria,AT,Europe/Vienna
823,Treehouse,Canada,CA,America/Toronto
1243,9 канал,Israel,IL,Asia/Jerusalem
1146,9Life,Australia,AU,Australia/Sydney
1244,PPTV,Thailand,TH,Asia/Bangkok
841,Unis,Canada,CA,America/Toronto
2006,Перец,Russian Federation,RU,Asia/Kamchatka
838,Séries Plus,Canada,CA,America/Toronto
1123,Sky sport 1,New Zealand,NZ,Pacific/Auckland
1246,Family Gekijo,Japan,JP,Asia/Tokyo
1247,Discovery,Poland,PL,Europe/Warsaw
1725,Sony SAB,India,IN,Asia/Kolkata
1248,Fox Brasil,Brazil,BR,America/Noronha
1249,La Trois,Belgium,BE,Europe/Brussels
652,Cartoon Network,United Kingdom,GB,Europe/London
1250,Беларусь 1,Belarus,BY,Europe/Minsk
289,Guangdong TV,China,CN,Asia/Shanghai
1251,TV8,Turkey,TR,Europe/Istanbul
1253,Samanyolu TV,Turkey,TR,Europe/Istanbul
1254,KTV,Japan,JP,Asia/Tokyo
725,National Geographic,Canada,CA,America/Toronto
1252,KBC,Japan,JP,Asia/Tokyo
1255,HRT,Croatia,HR,Europe/Zagreb
1258,BS SKY PerfecTV,Japan,JP,Asia/Tokyo
1260,Disney Channel,Brazil,BR,America/Noronha
780,Дом кино,Russian Federation,RU,Asia/Kamchatka
1283,13th Street Universal,Germany,DE,Europe/Busingen
1261,CCTV-4,China,CN,Asia/Shanghai
1062,Дождь,Russian Federation,RU,Asia/Kamchatka
1263,Comedy Central,Spain,ES,Europe/Madrid
895,documentary channel,Canada,CA,America/Toronto
622,Love Nature,Canada,CA,America/Toronto
1265,SBS M,"Korea, Republic of",KR,Asia/Seoul
1266,ОТР,Russian Federation,RU,Asia/Kamchatka
1269,FYI,Singapore,SG,Asia/Singapore
1270,Yunnan TV,China,CN,Asia/Shanghai
1271,CGV,"Korea, Republic of",KR,Asia/Seoul
1272,Italia 1,Italy,IT,Europe/Rome
1273,Food Network,South Africa,ZA,Africa/Johannesburg
1274,Harbin TV,China,CN,Asia/Shanghai
840,TV5 Québec Canada,Canada,CA,America/Toronto
1553,Cool TV,Hungary,HU,Europe/Budapest
1508,Discovery,Spain,ES,Europe/Madrid
1489,Cloo,United States,US,America/New_York
1278,Anhui TV,China,CN,Asia/Shanghai
1280,DRAMAcube,"Korea, Republic of",KR,Asia/Seoul
743,E Channel,"Korea, Republic of",KR,Asia/Seoul
634,Investigation Discovery,United Kingdom,GB,Europe/London
1282,CCTV-1,China,CN,Asia/Shanghai
656,Disney Junior,United Kingdom,GB,Europe/London
1557,RTVi,Russian Federation,RU,Asia/Kamchatka
1284,Shandong TV,China,CN,Asia/Shanghai
1285,Space Shower TV,Japan,JP,Asia/Tokyo
1286,Rustavi 2 რ2,Georgia,GE,Asia/Tbilisi
1290,2+2,Ukraine,UA,Europe/Kyiv
1291,KBS,Japan,JP,Asia/Tokyo
1292,NHK BS Premium,Japan,JP,Asia/Tokyo
1991,BBC News (UK),United Kingdom,GB,Europe/London
1323,НТВ-Беларусь,Belarus,BY,Europe/Minsk
1297,Fox Telecolombia,Colombia,CO,America/Bogota
1298,BBC Earth,Norway,NO,Europe/Oslo
1299,VICELAND,United Kingdom,GB,Europe/London
932,National Geographic Wild,Canada,CA,America/Toronto
1303,W9,France,FR,Europe/Paris
991,Россия Культура,Russian Federation,RU,Asia/Kamchatka
1300,Sport1 Hungary,Hungary,HU,Europe/Budapest
1158,MTV,Australia,AU,Australia/Sydney
1301,Tooniverse,"Korea, Republic of",KR,Asia/Seoul
1302,DramaX,"Korea, Republic of",KR,Asia/Seoul
1304,Amazing Life,Russian Federation,RU,Asia/Kamchatka
1305,НТК,Kazakhstan,KZ,Asia/Qyzylorda
1535,Canal 5,Mexico,MX,America/Monterrey
1536,Golden Premier,Mexico,MX,America/Monterrey
906,G4,Canada,CA,America/Toronto
1307,Kanal 11,Sweden,SE,Europe/Stockholm
1341,SVT2,Sweden,SE,Europe/Stockholm
1308,Televisión de Galicia,Spain,ES,Europe/Madrid
492,TV3,Norway,NO,Europe/Oslo
1309,América 2,Argentina,AR,America/Argentina/Ushuaia
1311,EWTN,United States,US,America/New_York
1294,TVI,Portugal,PT,Europe/Lisbon
1312,SIC,Portugal,PT,Europe/Lisbon
1579,Reshet 13,Israel,IL,Asia/Jerusalem
837,ELLE Fictions,Canada,CA,America/Toronto
1314,SBS Plus,"Korea, Republic of",KR,Asia/Seoul
1315,RTS1,Serbia,RS,Europe/Belgrade
1316,МУЛЬТ,Russian Federation,RU,Asia/Kamchatka
1318,AWE,United States,US,America/New_York
1319,MTV,Netherlands,NL,Europe/Amsterdam
1320,UA:Перший,Ukraine,UA,Europe/Kyiv
1354,Fuji TV TWO,Japan,JP,Asia/Tokyo
1324,TVBS,"Taiwan, Province of China",TW,Asia/Taipei
1014,HBO,Romania,RO,Europe/Bucharest
1325,Brit Hits,United Kingdom,GB,Europe/London
684,Vintage TV,United Kingdom,GB,Europe/London
1326,TNT (Latinoamérica),Mexico,MX,America/Monterrey
1327,Tokai TV,Japan,JP,Asia/Tokyo
614,Sky Sports 3,United Kingdom,GB,Europe/London
1328,TV Nova,Czech Republic,CZ,Europe/Prague
644,Community Channel,United Kingdom,GB,Europe/London
630,Liverpool FC TV,United Kingdom,GB,Europe/London
1329,Nelonen,Finland,FI,Europe/Helsinki
1330,Z Living,United States,US,America/New_York
386,Fox Sports 2,United States,US,America/New_York
1332,Sky Travel,"Korea, Republic of",KR,Asia/Seoul
1333,Planète+,France,FR,Europe/Paris
1334,Gunma TV,Japan,JP,Asia/Tokyo
1335,rbb,Germany,DE,Europe/Busingen
675,4Music,United Kingdom,GB,Europe/London
1340,ATV,Hungary,HU,Europe/Budapest
1342,НТВ Мир,Russian Federation,RU,Asia/Kamchatka
1480,Telesistema Mexicano,Mexico,MX,America/Monterrey
1343,Real Time,Italy,IT,Europe/Rome
956,ADDIK,Canada,CA,America/Toronto
2053,СТС International,Russian Federation,RU,Asia/Kamchatka
1346,Guizhou TV,China,CN,Asia/Shanghai
1347,Africa Magic,South Africa,ZA,Africa/Johannesburg
1348,Astana TV,Kazakhstan,KZ,Asia/Qyzylorda
1349,Arirang TV,"Korea, Republic of",KR,Asia/Seoul
1170,Fox Cricket,Australia,AU,Australia/Sydney
394,Tien,Netherlands,NL,Europe/Amsterdam
1351,ΣΚΑΪ Τηλεόραση,Greece,GR,Europe/Athens
1526,NRK Super,Norway,NO,Europe/Oslo
636,Discovery Turbo,United Kingdom,GB,Europe/London
1353,Shanghai TV,China,CN,Asia/Shanghai
642,PBS America,United Kingdom,GB,Europe/London
1356,Paramount Comedy,Russian Federation,RU,Asia/Kamchatka
1358,Москва Доверие,Russian Federation,RU,Asia/Kamchatka
1360,Canal Sur,Mexico,MX,America/Monterrey
1361,3+,Switzerland,CH,Europe/Zurich
1162,Universal Channel,Australia,AU,Australia/Sydney
1362,1TV,Armenia,AM,Asia/Yerevan
1363,Dlife,Japan,JP,Asia/Tokyo
1365,3sat,Germany,DE,Europe/Busingen
1366,MTV,Brazil,BR,America/Noronha
1205,Nickelodeon,Australia,AU,Australia/Sydney
1675,Smithsonian,United Kingdom,GB,Europe/London
1370,La Red,Chile,CL,America/Santiago
1371,Urdu1,Pakistan,PK,Asia/Karachi
1372,ARY Digital,Pakistan,PK,Asia/Karachi
1373,Viasat 4,Norway,NO,Europe/Oslo
1375,Моя Планета,Russian Federation,RU,Asia/Kamchatka
171,Big Ten Network,United States,US,America/New_York
1377,TV6,Norway,NO,Europe/Oslo
1380,Soapnet,United States,US,America/New_York
1381,LBCI,Lebanon,LB,Asia/Beirut
1382,Space TV,Azerbaijan,AZ,Asia/Baku
1384,Kanal 4,Denmark,DK,Europe/Copenhagen
1931,Cartoon Network,Italy,IT,Europe/Rome
1385,Yle TV1,Finland,FI,Europe/Helsinki
1389,Animal Planet,South Africa,ZA,Africa/Johannesburg
1390,DirecTV,Japan,JP,Asia/Tokyo
1149,NITV,Australia,AU,Australia/Sydney
1458,Наука,Russian Federation,RU,Asia/Kamchatka
1079,Virgin Media Two,Ireland,IE,Europe/Dublin
1459,ITV Wales,United Kingdom,GB,Europe/London
1460,Virgin Media Three,Ireland,IE,Europe/Dublin
1078,UTV,United Kingdom,GB,Europe/London
1461,SABC 2,South Africa,ZA,Africa/Johannesburg
1462,Sjuan,Sweden,SE,Europe/Stockholm
1099,The edge,New Zealand,NZ,Pacific/Auckland
1396,Workpoint TV,Thailand,TH,Asia/Bangkok
667,MTV 90s,United Kingdom,GB,Europe/London
1225,RTÉ News,Ireland,IE,Europe/Dublin
1463,ITV Border,United Kingdom,GB,Europe/London
941,Smithsonian Channel,Canada,CA,America/Toronto
574,DMAX,United Kingdom,GB,Europe/London
1477,SBS FunE,"Korea, Republic of",KR,Asia/Seoul
1103,TVNZ Duke,New Zealand,NZ,Pacific/Auckland
1479,Digi World,Hungary,HU,Europe/Budapest
1482,Animal Planet,Netherlands,NL,Europe/Amsterdam
1481,Canal 13,Chile,CL,America/Santiago
1434,Mojo HD,United States,US,America/New_York
1484,Prima televize,Czech Republic,CZ,Europe/Prague
1437,ΕΙΡΤ,Greece,GR,Europe/Athens
1443,ΕΤ2,Greece,GR,Europe/Athens
1485,Myx TV,Philippines,PH,Asia/Manila
1486,STV2,United Kingdom,GB,Europe/London
1487,KKTV,"Taiwan, Province of China",TW,Asia/Taipei
221,The Movie Channel,United States,US,America/New_York
774,Carlton Television,United Kingdom,GB,Europe/London
1501,DR2,Denmark,DK,Europe/Copenhagen
1490,BR Fernsehen,Germany,DE,Europe/Busingen
1493,RedeTV!,Brazil,BR,America/Noronha
1495,Spike,Netherlands,NL,Europe/Amsterdam
1496,Discovery,Netherlands,NL,Europe/Amsterdam
1497,ServusTV,Germany,DE,Europe/Busingen
1499,Expressen TV,Sweden,SE,Europe/Stockholm
924,Lifetime,Canada,CA,America/Toronto
1500,Россия 2,Russian Federation,RU,Asia/Kamchatka
1188,BBC Earth,Australia,AU,Australia/Sydney
1502,Al Sharqiya,Iraq,IQ,Asia/Baghdad
1504,Astro,Malaysia,MY,Asia/Kuching
1593,Discovery,Norway,NO,Europe/Oslo
1506,Kanal 2,Estonia,EE,Europe/Tallinn
1507,TV5,Philippines,PH,Asia/Manila
1513,Christian Broadcasting Network,United States,US,America/New_York
1510,BBC Choice,United Kingdom,GB,Europe/London
1512,TV8,Sweden,SE,Europe/Stockholm
1514,C-SPAN2,United States,US,America/New_York
842,VRAK,Canada,CA,America/Toronto
1517,TV6,Sweden,SE,Europe/Stockholm
1519,МИР,Russian Federation,RU,Asia/Kamchatka
1751,DMAX,Germany,DE,Europe/Busingen
220,Tennis Channel,United States,US,America/New_York
872,CTV Wild Channel,Canada,CA,America/Toronto
1790,Epic TV,India,IN,Asia/Kolkata
1852,Formula TV,Georgia,GE,Asia/Tbilisi
1522,SVT Barnkanalen,Sweden,SE,Europe/Stockholm
1523,ТНТ4,Russian Federation,RU,Asia/Kamchatka
1524,Cosmopolitan Television,Spain,ES,Europe/Madrid
1525,Star Vijay,India,IN,Asia/Kolkata
1527,TV3,Lithuania,LT,Europe/Vilnius
1528,Latina Televisión,Peru,PE,America/Lima
1529,#0,Spain,ES,Europe/Madrid
1530,Тлум HD,Russian Federation,RU,Asia/Kamchatka
1531,Муз-ТВ,Russian Federation,RU,Asia/Kamchatka
1438,ΕΡΤ,Greece,GR,Europe/Athens
1447,ΑΝΤ1,Greece,GR,Europe/Athens
1448,ΑΝΤ1 Κύπρου,Cyprus,CY,Asia/Nicosia
1532,Mega TV,United States,US,America/New_York
1533,DATV,Japan,JP,Asia/Tokyo
1534,MBC QueeN,"Korea, Republic of",KR,Asia/Seoul
204,NBA TV,United States,US,America/New_York
1214,Max,Australia,AU,Australia/Sydney
1537,Jim,Finland,FI,Europe/Helsinki
1539,Planet TV,Slovenia,SI,Europe/Ljubljana
1538,Liv,Finland,FI,Europe/Helsinki
1541,AVA,Finland,FI,Europe/Helsinki
1552,bTV Cinema,Bulgaria,BG,Europe/Sofia
1279,BLAZE,United Kingdom,GB,Europe/London
494,NRK3,Norway,NO,Europe/Oslo
1554,Царьград ТВ,Russian Federation,RU,Asia/Kamchatka
153,El 33,Spain,ES,Europe/Madrid
1102,eden,New Zealand,NZ,Pacific/Auckland
1860,TV8,Italy,IT,Europe/Rome
493,NRK2,Norway,NO,Europe/Oslo
792,Aboriginal Peoples Television Network,Canada,CA,America/Toronto
1559,Polynésie 1ère',French Polynesia,PF,Pacific/Gambier
793,CTV 2,Canada,CA,America/Toronto
1684,jTBC2,"Korea, Republic of",KR,Asia/Seoul
637,Discovery Science,United Kingdom,GB,Europe/London
1561,Chongqing TV,China,CN,Asia/Shanghai
828,Canal D,Canada,CA,America/Toronto
1562,Qinghai TV,China,CN,Asia/Shanghai
491,TV 2 Zebra,Norway,NO,Europe/Oslo
1515,ТВС,Russian Federation,RU,Asia/Kamchatka
1518,TV10,Sweden,SE,Europe/Stockholm
1566,FEM,Norway,NO,Europe/Oslo
1568,Super Action,"Korea, Republic of",KR,Asia/Seoul
1570,NHK Eductational TV,Japan,JP,Asia/Tokyo
1573,M6 Kid,France,FR,Europe/Paris
866,Super Écran,Canada,CA,America/Toronto
1572,Беларусь 2,Belarus,BY,Europe/Minsk
1571,ОНТ,Belarus,BY,Europe/Minsk
1574,RecordTV,Brazil,BR,America/Noronha
1576,Tianjin TV,China,CN,Asia/Shanghai
1355,Sky 1,Germany,DE,Europe/Busingen
910,History2,Canada,CA,America/Toronto
1702,Virgin TV Ultra HD,United Kingdom,GB,Europe/London
1578,tv2000,Italy,IT,Europe/Rome
305,Keshet 12,Israel,IL,Asia/Jerusalem
563,U&alibi,United Kingdom,GB,Europe/London
1581,Sjónvarp Símans,Iceland,IS,Atlantic/Reykjavik
1582,СТВ,Belarus,BY,Europe/Minsk
1583,RSI,Switzerland,CH,Europe/Zurich
1584,Television Sydney,Australia,AU,Australia/Sydney
1585,Россия 24,Russian Federation,RU,Asia/Kamchatka
1586,Nickelodeon,India,IN,Asia/Kolkata
1587,Mega,Chile,CL,America/Santiago
1589,Viceland,Netherlands,NL,Europe/Amsterdam
1590,Chūkyō TV,Japan,JP,Asia/Tokyo
1591,Together,United Kingdom,GB,Europe/London
1594,ion MYSTERY,United States,US,America/New_York
1074,C More,Denmark,DK,Europe/Copenhagen
1407,Channel NewsAsia,Singapore,SG,Asia/Singapore
1762,Nickelodeon,Germany,DE,Europe/Busingen
296,CTV Drama Channel,Canada,CA,America/Toronto
1596,ServusTV,Austria,AT,Europe/Vienna
1357,Hír TV,Hungary,HU,Europe/Budapest
1597,Discovery Home & Health,United Kingdom,GB,Europe/London
1598,Russia Today Documentary,Russian Federation,RU,Asia/Kamchatka
1967,KinoJam 1,Russian Federation,RU,Asia/Kamchatka
1599,CCN TV6,Trinidad and Tobago,TT,America/Port_of_Spain
1600,CCTV-14,China,CN,Asia/Shanghai
1609,jTBC4,"Korea, Republic of",KR,Asia/Seoul
1601,Москва 24,Russian Federation,RU,Asia/Kamchatka
1602,BHNews,Brazil,BR,America/Noronha
1605,TVNZ Kidzone24,New Zealand,NZ,Pacific/Auckland
1607,Kanal 7,Turkey,TR,Europe/Istanbul
1608,E!,Singapore,SG,Asia/Singapore
1610,Cosmopolitan TV,Argentina,AR,America/Argentina/Ushuaia
1611,Asianet,India,IN,Asia/Kolkata
1612,CNN,United Kingdom,GB,Europe/London
1564,Sichuan TV,China,CN,Asia/Shanghai
1614,RU.TV,Russian Federation,RU,Asia/Kamchatka
1615,Мир Сериала,Russian Federation,RU,Asia/Kamchatka
1616,TLC,India,IN,Asia/Kolkata
1618,BS-TBS,Japan,JP,Asia/Tokyo
1623,XtvN,"Korea, Republic of",KR,Asia/Seoul
1569,Суббота,Russian Federation,RU,Asia/Kamchatka
1624,TFX,France,FR,Europe/Paris
1625,NRJ12,France,FR,Europe/Paris
964,Témoin,Canada,CA,America/Toronto
1627,ТНТ Music,Russian Federation,RU,Asia/Kamchatka
1641,C8,France,FR,Europe/Paris
1628,KMTV,"Korea, Republic of",KR,Asia/Seoul
1629,TVR 2,Romania,RO,Europe/Bucharest
711,Daystar,United Kingdom,GB,Europe/London
1633,KBS W,"Korea, Republic of",KR,Asia/Seoul
1635,DR Ultra,Denmark,DK,Europe/Copenhagen
1773,TNT Latin America,Argentina,AR,America/Argentina/Ushuaia
1456,Star,Greece,GR,Europe/Athens
570,E!,United Kingdom,GB,Europe/London
1636,NHK BS1,Japan,JP,Asia/Tokyo
1637,Akita Asahi Broadcasting,Japan,JP,Asia/Tokyo
1638,Canal Uno,Colombia,CO,America/Bogota
1639,TV 2 Charlie,Denmark,DK,Europe/Copenhagen
621,TNT Sports 2,United Kingdom,GB,Europe/London
1643,La7,Italy,IT,Europe/Rome
1644,Spektrum Home,Hungary,HU,Europe/Budapest
1649,L'Équipe,France,FR,Europe/Paris
1650,RMC Sport 1,France,FR,Europe/Paris
1651,TOP,Serbia,RS,Europe/Belgrade
911,BBC FIRST,Canada,CA,America/Toronto
1652,SWR,Germany,DE,Europe/Busingen
1150,7flix,Australia,AU,Australia/Sydney
1653,Cartoon Network,Brazil,BR,America/Noronha
1654,Cartoonito,Italy,IT,Europe/Rome
1655,CGNTV,"Korea, Republic of",KR,Asia/Seoul
1657,3net,United States,US,America/New_York
1658,History,Brazil,BR,America/Noronha
1659,TNT,Spain,ES,Europe/Madrid
1660,Investigation Discovery,India,IN,Asia/Kolkata
1664,UMAX,"Korea, Republic of",KR,Asia/Seoul
1667,M2,Ukraine,UA,Europe/Kyiv
1666,M1,Ukraine,UA,Europe/Kyiv
1668,Матч Премьер,Russian Federation,RU,Asia/Kamchatka
1669,À Punt,Spain,ES,Europe/Madrid
1470,Sky Sports Football,United Kingdom,GB,Europe/London
920,IFC,Canada,CA,America/Toronto
1670,СТС Kids,Russian Federation,RU,Asia/Kamchatka
1671,Nove,Italy,IT,Europe/Rome
274,Abu Dhabi TV,United Arab Emirates,AE,Asia/Dubai
1672,UBS,Mongolia,MN,Asia/Ulaanbaatar
1468,ITV Granada,United Kingdom,GB,Europe/London
1676,You Channel 143,Thailand,TH,Asia/Bangkok
1677,TV JOJ,Slovakia,SK,Europe/Bratislava
1678,PTS2,"Taiwan, Province of China",TW,Asia/Taipei
1679,ZDFinfo,Germany,DE,Europe/Busingen
1682,Welt,Germany,DE,Europe/Busingen
1689,Comedy Central,Brazil,BR,America/Noronha
1683,DMC,Egypt,EG,Africa/Cairo
1685,Net TV,Argentina,AR,America/Argentina/Ushuaia
963,Ici Explora,Canada,CA,America/Toronto
1686,ETB2,Spain,ES,Europe/Madrid
1687,E! Brazil,Brazil,BR,America/Noronha
2004,Nickelodeon Latinoamérica,Mexico,MX,America/Monterrey
1400,Amarin TV,Thailand,TH,Asia/Bangkok
1690,Cinelatino,United States,US,America/New_York
2034,Солнце,Russian Federation,RU,Asia/Kamchatka
1691,8TV,Malaysia,MY,Asia/Kuching
1693,HTV,Vanuatu,VU,Pacific/Efate
1392,Thai PBS,Thailand,TH,Asia/Bangkok
1968,Здоровое ТВ,Russian Federation,RU,Asia/Kamchatka
1696,Universal TV,Brazil,BR,America/Noronha
1697,Hallmark Family,United States,US,America/New_York
1919,Disney Channel,Portugal,PT,Europe/Lisbon
1699,Televízia Markíza,Slovakia,SK,Europe/Bratislava
1700,STVR,Slovakia,SK,Europe/Bratislava
1701,Настоящее Время,Russian Federation,RU,Asia/Kamchatka
653,Boomerang,United Kingdom,GB,Europe/London
1703,Be Séries,Belgium,BE,Europe/Brussels
832,Ici ARTV,Canada,CA,America/Toronto
1707,One,Germany,DE,Europe/Busingen
1708,Comédie+,France,FR,Europe/Paris
1709,RTBF,Belgium,BE,Europe/Brussels
1738,APTN,Canada,CA,America/Toronto
1710,Pink,Serbia,RS,Europe/Belgrade
1711,Toei Channel,Japan,JP,Asia/Tokyo
1712,Divinity,Spain,ES,Europe/Madrid
1714,TV Paprika,Hungary,HU,Europe/Budapest
1692,Rai 3,Italy,IT,Europe/Rome
846,Odyssey,Canada,CA,America/Toronto
1715,France Ô,France,FR,Europe/Paris
562,Sky Sci-Fi,United Kingdom,GB,Europe/London
1717,Kabel Eins,Germany,DE,Europe/Busingen
1718,13ème RUE,France,FR,Europe/Paris
1719,EBC,"Taiwan, Province of China",TW,Asia/Taipei
1761,DMAX,Spain,ES,Europe/Madrid
1720,6ter,France,FR,Europe/Paris
1724,Astro Wah Lai Toi,Malaysia,MY,Asia/Kuching
1727,See,Denmark,DK,Europe/Copenhagen
1728,GloboNews,Brazil,BR,America/Noronha
1730,Kan 11,Israel,IL,Asia/Jerusalem
1731,TV Cultura,Brazil,BR,America/Noronha
1732,Superstar TV,Serbia,RS,Europe/Belgrade
1733,Televisa,Mexico,MX,America/Monterrey
1736,TLC,Germany,DE,Europe/Busingen
1737,EbonyLife TV,Nigeria,NG,Africa/Lagos
2022,Sky Kids,United Kingdom,GB,Europe/London
1740,Syfy,Germany,DE,Europe/Busingen
1741,Прима,Russian Federation,RU,Asia/Kamchatka
1289,Первый канал Евразия,Kazakhstan,KZ,Asia/Qyzylorda
1743,Наше HD,Russian Federation,RU,Asia/Kamchatka
1744,Громадське телебачення,Ukraine,UA,Europe/Kyiv
1746,Mono 29,Thailand,TH,Asia/Bangkok
1814,La 2,Spain,ES,Europe/Madrid
830,Évasion,Canada,CA,America/Toronto
1748,RMC Story,France,FR,Europe/Paris
1621,РТР-Планета,Russian Federation,RU,Asia/Kamchatka
1760,Boomerang,Germany,DE,Europe/Busingen
1469,ITV Meridian,United Kingdom,GB,Europe/London
1752,Jiajia Cartoon Channel,China,CN,Asia/Shanghai
1753,Cartoon Network,Mexico,MX,America/Monterrey
1754,Zhejiang Children's Channel ZTV8,China,CN,Asia/Shanghai
1475,ITV Yorkshire,United Kingdom,GB,Europe/London
1755,RTVSLO,Slovenia,SI,Europe/Ljubljana
1756,DR K,Denmark,DK,Europe/Copenhagen
1757,TV Rá-Tim-Bum,Brazil,BR,America/Noronha
1148,SBS Food,Australia,AU,Australia/Sydney
1758,ВМЕСТЕ-РФ,Russian Federation,RU,Asia/Kamchatka
791,5 канал,Ukraine,UA,Europe/Kyiv
1187,National Geographic Wild,Australia,AU,Australia/Sydney
1764,KBS World,"Korea, Republic of",KR,Asia/Seoul
1765,VTV3,Viet Nam,VN,Asia/Ho_Chi_Minh
1766,Alarby Television,Saudi Arabia,SA,Asia/Riyadh
1767,Operation Prime Time,United States,US,America/New_York
664,BabyTV,United Kingdom,GB,Europe/London
1768,Galaxy,United Kingdom,GB,Europe/London
1256,NOVA TV,Croatia,HR,Europe/Zagreb
1771,TNT,Brazil,BR,America/Noronha
1688,Nickelodeon,Brazil,BR,America/Noronha
1772,ORTF Télévision 2,France,FR,Europe/Paris
1774,Anione TV,"Korea, Republic of",KR,Asia/Seoul
1825,True Asian Series,Thailand,TH,Asia/Bangkok
2087,Comedy Central,France,FR,Europe/Paris
1546,Yle Teema & Fem,Finland,FI,Europe/Helsinki
1775,ON,Egypt,EG,Africa/Cairo
1776,TV3,Estonia,EE,Europe/Tallinn
1777,TV1,Algeria,DZ,Africa/Algiers
1739,HBO Latino,United States,US,America/New_York
1750,Sky Documentaries,United Kingdom,GB,Europe/London
1779,Победа,Russian Federation,RU,Asia/Kamchatka
1826,Antenne 2,France,FR,Europe/Paris
1780,SABC 3,South Africa,ZA,Africa/Johannesburg
1783,OSN,Egypt,EG,Africa/Cairo
1784,ViuTV,Hong Kong,HK,Asia/Hong_Kong
1785,CBC Drama,Egypt,EG,Africa/Cairo
1786,AL Jadeed,Lebanon,LB,Asia/Beirut
1788,MBC Drama,United Arab Emirates,AE,Asia/Dubai
1789,Prime Box Brazil,Brazil,BR,America/Noronha
1656,О!,Russian Federation,RU,Asia/Kamchatka
1791,CDA,Argentina,AR,America/Argentina/Ushuaia
1793,Время,Russian Federation,RU,Asia/Kamchatka
1794,LNT,Latvia,LV,Europe/Riga
1795,ETB1,Spain,ES,Europe/Madrid
425,MBC 4,United Arab Emirates,AE,Asia/Dubai
1796,4 канал,Ukraine,UA,Europe/Kyiv
1797,TV3,Latvia,LV,Europe/Riga
1936,TiJi,France,FR,Europe/Paris
1798,MTV Lebanon,Lebanon,LB,Asia/Beirut
1805,RTL,Luxembourg,LU,Europe/Luxembourg
1542,SuomiTV,Finland,FI,Europe/Helsinki
1808,MBC Masr,Egypt,EG,Africa/Cairo
1801,MCE TV,France,FR,Europe/Paris
1802,KVF,Faroe Islands,FO,Atlantic/Faroe
1804,Cartoon Network,Turkey,TR,Europe/Istanbul
1803,Nessma,Tunisia,TN,Africa/Tunis
1807,Open TV,Greece,GR,Europe/Athens
2081,Nickelodeon,Czech Republic,CZ,Europe/Prague
1809,Elhiwar Ettounsi,Tunisia,TN,Africa/Tunis
1810,MTV,Italy,IT,Europe/Rome
1811,ABC Weekend TV,United Kingdom,GB,Europe/London
1812,Antena 1,Romania,RO,Europe/Bucharest
1175,FOX FOOTY,Australia,AU,Australia/Sydney
2035,Zoʻr TV,Uzbekistan,UZ,Asia/Tashkent
1374,VIVA Polska,Poland,PL,Europe/Warsaw
1816,AXN,Hungary,HU,Europe/Budapest
626,Extreme Sports Channel,United Kingdom,GB,Europe/London
1543,TV5,Finland,FI,Europe/Helsinki
1778,Echorouk TV,Algeria,DZ,Africa/Algiers
1818,Hungama TV,India,IN,Asia/Kolkata
1819,TNT Comedy,Germany,DE,Europe/Busingen
1821,Comedy Central,Poland,PL,Europe/Warsaw
2068,АТВК,Ukraine,UA,Europe/Kyiv
1823,Lina TV,Algeria,DZ,Africa/Algiers
1824,Swarnavahini,Sri Lanka,LK,Asia/Colombo
1827,ZDFkultur,Germany,DE,Europe/Busingen
1828,QTV,Philippines,PH,Asia/Manila
1829,78,Russian Federation,RU,Asia/Kamchatka
1830,Pogo,India,IN,Asia/Kolkata
1831,Disney Channel,India,IN,Asia/Kolkata
1844,Kapamilya Channel,Philippines,PH,Asia/Manila
1832,Mzansi Magic,South Africa,ZA,Africa/Johannesburg
1834,Deepto TV,Bangladesh,BD,Asia/Dhaka
1835,Colors Infinity,India,IN,Asia/Kolkata
1836,History TV18,India,IN,Asia/Kolkata
1838,Кубань 24,Russian Federation,RU,Asia/Kamchatka
1839,GB News,United Kingdom,GB,Europe/London
1840,ATV Home,China,CN,Asia/Shanghai
1759,True Crime Network,United States,US,America/New_York
1841,National Geographic,India,IN,Asia/Kolkata
997,Antenna 3,Italy,IT,Europe/Rome
1842,Zee Marathi,India,IN,Asia/Kolkata
1843,BBC Knowledge,Singapore,SG,Asia/Singapore
1845,Jeepney TV,Philippines,PH,Asia/Manila
1846,Radiotelevizija Beograd,Serbia,RS,Europe/Belgrade
1855,SPIEGEL Geschichte,Germany,DE,Europe/Busingen
1856,Associated Television,United Kingdom,GB,Europe/London
1858,Play Sports Open,Belgium,BE,Europe/Brussels
1165,LifeStyle Home,Australia,AU,Australia/Sydney
1862,AfricaMagic Showcase,South Africa,ZA,Africa/Johannesburg
1864,VIVA,Germany,DE,Europe/Busingen
1865,TV5 Monde,France,FR,Europe/Paris
1867,Toute l'Histoire,France,FR,Europe/Paris
843,Z,Canada,CA,America/Toronto
1868,Nur TV,Armenia,AM,Asia/Yerevan
1869,Sony Channel,Brazil,BR,America/Noronha
1873,BBC Earth,Singapore,SG,Asia/Singapore
1872,TV3,Malaysia,MY,Asia/Kuching
1874,İctimai TV,Azerbaijan,AZ,Asia/Baku
1875,ETV+,Estonia,EE,Europe/Tallinn
1876,iHQ,"Korea, Republic of",KR,Asia/Seoul
1877,Trends Z,Belgium,BE,Europe/Brussels
1606,Disney Channel,France,FR,Europe/Paris
2013,HGTV,Canada,CA,America/Toronto
1879,NTD Television,United States,US,America/New_York
1880,Express,Pakistan,PK,Asia/Karachi
727,Al Jazeera English,Qatar,QA,Asia/Qatar
1881,Sun TV,India,IN,Asia/Kolkata
1124,Sky sport 2,New Zealand,NZ,Pacific/Auckland
831,Historia,Canada,CA,America/Toronto
1883,ACC Network,United States,US,America/New_York
1922,LifeTV,Hungary,HU,Europe/Budapest
1884,AL Nahar,Egypt,EG,Africa/Cairo
1888,AL HAYAH TV,Egypt,EG,Africa/Cairo
1885,Mehwar TV,Egypt,EG,Africa/Cairo
1889,Mix Bel Araby,Egypt,EG,Africa/Cairo
1882,TalkTV,United Kingdom,GB,Europe/London
1886,Telepacífico,Colombia,CO,America/Bogota
1887,Qatar TV,Qatar,QA,Asia/Qatar
1890,Warner TV,France,FR,Europe/Paris
1891,Sky Documentaries,Italy,IT,Europe/Rome
1892,A-Plus TV,Pakistan,PK,Asia/Karachi
1894,Al Sumaria,Iraq,IQ,Asia/Baghdad
1213,Discovery Kids,Australia,AU,Australia/Sydney
1897,ENA,"Korea, Republic of",KR,Asia/Seoul
1895,Red Uno,"Bolivia, Plurinational State of",BO,America/La_Paz
1540,C More Max,Finland,FI,Europe/Helsinki
806,TFO,Canada,CA,America/Toronto
1769,OCS Choc,France,FR,Europe/Paris
829,Canal Vie,Canada,CA,America/Toronto
1898,tv1,Canada,CA,America/Toronto
1899,UN3,Argentina,AR,America/Argentina/Ushuaia
1900,Histoire TV,France,FR,Europe/Paris
1815,Milliy TV,Uzbekistan,UZ,Asia/Tashkent
1904,Da Ai TV,"Taiwan, Province of China",TW,Asia/Taipei
643,Discovery History,United Kingdom,GB,Europe/London
1722,Téva,France,FR,Europe/Paris
447,Cartoon Network,Japan,JP,Asia/Tokyo
1906,betevé,Spain,ES,Europe/Madrid
1908,31 канал,Kazakhstan,KZ,Asia/Qyzylorda
961,CASA,Canada,CA,America/Toronto
216,Showtime Extreme,United States,US,America/New_York
1909,K2,Italy,IT,Europe/Rome
1910,Qazaqstan,Kazakhstan,KZ,Asia/Qyzylorda
1911,Vh1,India,IN,Asia/Kolkata
1912,Zee Zest,India,IN,Asia/Kolkata
1913,MTV Beats,India,IN,Asia/Kolkata
1914,FYI TV18,India,IN,Asia/Kolkata
1915,Khabar,Kazakhstan,KZ,Asia/Qyzylorda
154,8TV,Spain,ES,Europe/Madrid
509,sixx,Germany,DE,Europe/Busingen
1916,D'LIVE TV,"Korea, Republic of",KR,Asia/Seoul
1567,TBC,"Korea, Republic of",KR,Asia/Seoul
1917,BS Shochiku Tokyu,Japan,JP,Asia/Tokyo
1920,National Geographic,Brazil,BR,America/Noronha
2018,Dangal,India,IN,Asia/Kolkata
1923,MundoMax,Colombia,CO,America/Bogota
179,ASPiRE,United States,US,America/New_York
1925,Hami Video,"Taiwan, Province of China",TW,Asia/Taipei
1926,RTS 2,Switzerland,CH,Europe/Zurich
1927,Canal Brasil,Brazil,BR,America/Noronha
658,Tiny Pop,United Kingdom,GB,Europe/London
2005,Sky Serie,Italy,IT,Europe/Rome
1928,The Nautical Channel,Spain,ES,Europe/Madrid
2054,Каскад,Russian Federation,RU,Asia/Kamchatka
1929,ČT2,Czech Republic,CZ,Europe/Prague
947,The Pet Network,Canada,CA,America/Toronto
1930,4fun.tv,Poland,PL,Europe/Warsaw
1932,RCTI,Indonesia,ID,Asia/Jayapura
1933,TV9,Malaysia,MY,Asia/Kuching
1465,ITV Anglia,United Kingdom,GB,Europe/London
1934,Super RTL,Germany,DE,Europe/Busingen
1938,Fuzhou TV,China,CN,Asia/Shanghai
1984,Sony YAY!,India,IN,Asia/Kolkata
1940,Animal Planet,India,IN,Asia/Kolkata
1941,Budapest Televízió,Hungary,HU,Europe/Budapest
887,Daystar,United States,US,America/New_York
1943,TV2 Fri,Denmark,DK,Europe/Copenhagen
1944,TV2 Echo,Denmark,DK,Europe/Copenhagen
1945,Cartoon Network,Singapore,SG,Asia/Singapore
1946,Voyage,France,FR,Europe/Paris
1947,DR Ramasjang,Denmark,DK,Europe/Copenhagen
1950,Public Sénat,France,FR,Europe/Paris
1951,SCTV,Indonesia,ID,Asia/Jayapura
1952,MTV,France,FR,Europe/Paris
1405,Channel U,Singapore,SG,Asia/Singapore
1954,Outside TV,United States,US,America/New_York
1956,Belsat TV,Poland,PL,Europe/Warsaw
1983,Merit Street,United States,US,America/New_York
1957,OstWest,Germany,DE,Europe/Busingen
1958,M4 Sport,Hungary,HU,Europe/Budapest
1960,Мега,Ukraine,UA,Europe/Kyiv
258,Starz Kids & Family,United States,US,America/New_York
1441,ΕΡΤ2,Greece,GR,Europe/Athens
833,Ici RDI,Canada,CA,America/Toronto
1963,Shaanxi Satellite TV,China,CN,Asia/Shanghai
1961,Канал Disney,Russian Federation,RU,Asia/Kamchatka
1962,Zoom TV,Poland,PL,Europe/Warsaw
1408,okto,Singapore,SG,Asia/Singapore
1964,Gloob,Brazil,BR,America/Noronha
1442,ΕΤ1,Greece,GR,Europe/Athens
1966,Canal Trece,Colombia,CO,America/Bogota
1174,Fox Sports 506,Australia,AU,Australia/Sydney
1206,Disney Channel,Australia,AU,Australia/Sydney
1969,ТВ-6,Russian Federation,RU,Asia/Kamchatka
1971,Free Speech TV,United States,US,America/New_York
1973,NTV,Mongolia,MN,Asia/Ulaanbaatar
1974,Imedi,Georgia,GE,Asia/Tbilisi
1975,MNCTV,Indonesia,ID,Asia/Jayapura
1977,ZeeQ,India,IN,Asia/Kolkata
1978,Cartoon Network,India,IN,Asia/Kolkata
1979,Discovery,India,IN,Asia/Kolkata
1982,Newsmax,United States,US,America/New_York
2016,RTL Club,Belgium,BE,Europe/Brussels
1080,rtéjr,Ireland,IE,Europe/Dublin
1988,Телеклуб,Russian Federation,RU,Asia/Kamchatka
1992,360°,Russian Federation,RU,Asia/Kamchatka
1995,Colors Kannada,India,IN,Asia/Kolkata
1996,Colors Marathi,India,IN,Asia/Kolkata
1997,Colors Bangla,India,IN,Asia/Kolkata
1998,Star Maa,India,IN,Asia/Kolkata
1999,TVSA,Bosnia and Herzegovina,BA,Europe/Sarajevo
1229,Cúla4,Ireland,IE,Europe/Dublin
2003,CNA,Singapore,SG,Asia/Singapore
1986,7Bravo,Australia,AU,Australia/Sydney
1472,ITV Tyne Tees,United Kingdom,GB,Europe/London
1674,KBS Joy,"Korea, Republic of",KR,Asia/Seoul
2007,Court TV,United States,US,America/New_York
812,CTV News Channel,Canada,CA,America/Toronto
2008,FanDuel TV,United States,US,America/New_York
1905,НТН,Ukraine,UA,Europe/Kyiv
2009,Дім,Ukraine,UA,Europe/Kyiv
2010,WGN-TV,United States,US,America/New_York
2011,Спас,Russian Federation,RU,Asia/Kamchatka
937,BBC Earth,Canada,CA,America/Toronto
2017,SRF 2,Switzerland,CH,Europe/Zurich
2019,kykNET,South Africa,ZA,Africa/Johannesburg
650,Horse and Country,United Kingdom,GB,Europe/London
2020,Sky Documentaries,Germany,DE,Europe/Busingen
1985,9Rush,Australia,AU,Australia/Sydney
2021,LTV1,Latvia,LV,Europe/Riga
1171,Fox League,Australia,AU,Australia/Sydney
2023,CCTV-9,China,CN,Asia/Shanghai
2024,Восточный Экспресс,Russian Federation,RU,Asia/Kamchatka
2025,Cartoonito,France,FR,Europe/Paris
907,GameTV,Canada,CA,America/Toronto
2026,BET,South Africa,ZA,Africa/Johannesburg
2028,EduTV,Mongolia,MN,Asia/Ulaanbaatar
2029,NVTV Belfast,United Kingdom,GB,Europe/London
2030,TRT Çocuk,Turkey,TR,Europe/Istanbul
2031,День Победы,Russian Federation,RU,Asia/Kamchatka
2032,TV Seznam,Czech Republic,CZ,Europe/Prague
2033,viju+ Serial,Russian Federation,RU,Asia/Kamchatka
2047,CCTV-6,China,CN,Asia/Shanghai
2036,ТВК,Russian Federation,RU,Asia/Kamchatka
2037,ICTV 2,Ukraine,UA,Europe/Kyiv
2012,Discovery Channel,Canada,CA,America/Toronto
2039,ConCiencia TV,"Venezuela, Bolivarian Republic of",VE,America/Caracas
2040,Sky Crime,Germany,DE,Europe/Busingen
2041,Мяч,Russian Federation,RU,Asia/Kamchatka
2042,National Geographic,Netherlands,NL,Europe/Amsterdam
2061,Живая природа,Russian Federation,RU,Asia/Kamchatka
2043,ОТВ,Russian Federation,RU,Asia/Kamchatka
2044,Primeran,Spain,ES,Europe/Madrid
2045,Kuwait Television,Kuwait,KW,Asia/Kuwait
1344,Живая Планета,Russian Federation,RU,Asia/Kamchatka
2046,A-One,Russian Federation,RU,Asia/Kamchatka
2048,Hop!,Israel,IL,Asia/Jerusalem
2049,TXN,Japan,JP,Asia/Tokyo
2050,TV3 Plus,Latvia,LV,Europe/Riga
1069,Guangzhou TV,China,CN,Asia/Shanghai
1287,PRIME,Belgium,BE,Europe/Brussels
2051,Ариг Ус,Russian Federation,RU,Asia/Kamchatka
2052,Jurnal TV,"Moldova, Republic of",MD,Europe/Chisinau
2015,Food Network,Canada,CA,America/Toronto
2085,Телекафе,Russian Federation,RU,Asia/Kamchatka
2090,Т24,Russian Federation,RU,Asia/Kamchatka
2056,Ямал-Регион,Russian Federation,RU,Asia/Kamchatka
2057,Санкт-Петербург,Russian Federation,RU,Asia/Kamchatka
2058,Green TV Entertainment,Pakistan,PK,Asia/Karachi
2059,TV2,Malaysia,MY,Asia/Kuching
1023,Gala TV,Mexico,MX,America/Monterrey
2089,Русский Бестселлер,Russian Federation,RU,Asia/Kamchatka
2064,Crime & Investigation,Poland,PL,Europe/Warsaw
2069,GXRTV,China,CN,Asia/Shanghai
2065,JiangXi TV,China,CN,Asia/Shanghai
2067,JIBEK JOLY,Kazakhstan,KZ,Asia/Qyzylorda
2070,TLN,Canada,CA,America/Toronto
2080,365 дней ТВ,Russian Federation,RU,Asia/Kamchatka
2072,Almaty TV,Kazakhstan,KZ,Asia/Qyzylorda
2075,R1,Germany,DE,Europe/Busingen
1634,Русский Детектив,Russian Federation,RU,Asia/Kamchatka
2076,IRIB TV5,"Iran, Islamic Republic of",IR,Asia/Tehran
2077,Channel J,United States,US,America/New_York
2078,TV Slovenija 1,Slovenia,SI,Europe/Ljubljana
2079,Shemaroo,India,IN,Asia/Kolkata
2082,Canal+ Pop,Cote d'Ivoire,CI,Africa/Abidjan
1399,Thairath TV,Thailand,TH,Asia/Bangkok
2083,МИР 24,Russian Federation,RU,Asia/Kamchatka
2055,TLC,Netherlands,NL,Europe/Amsterdam
2086,Indosiar,Indonesia,ID,Asia/Jayapura
2088,Hebei TV,China,CN,Asia/Shanghai
1386,Federalna TV,Bosnia and Herzegovina,BA,Europe/Sarajevo
2091,One America News Network,United States,US,America/New_York
2092,Azteca Uno,Mexico,MX,America/Monterrey
2095,POP tv,Slovenia,SI,Europe/Ljubljana
2096,Teleamazonas,Ecuador,EC,America/Guayaquil
2097,Cartoon Network,Denmark,DK,Europe/Copenhagen
2099,Star Pravah,India,IN,Asia/Kolkata
2101,ORTAS,Syrian Arab Republic,SY,Asia/Damascus
2102,Al-Hayat TV,Egypt,EG,Africa/Cairo
2103,Zee Kannada,India,IN,Asia/Kolkata
2104,hr-fernsehen,Germany,DE,Europe/Busingen
2105,Nick Jr.,Italy,IT,Europe/Rome
1444,ΝΕΤ,Greece,GR,Europe/Athens
2106,Super Channel Quest,Canada,CA,America/Toronto
