web_channel_id,name,official_site
1,Netflix,https://www.netflix.com/
287,Disney+,https://www.disneyplus.com/
453,AMC+,https://www.amcplus.com/
2,Hulu,https://www.hulu.com/
107,Paramount+,https://www.paramountplus.com/
83,DisneyNOW,https://disneynow.com/
3,Prime Video,https://www.primevideo.com
46,Lionsgate+,https://www.lionsgateplus.com/
509,Fox Nation,
631,PokerGO,https://www.pokergo.com/
26,BBC iPlayer,https://www.bbc.co.uk/iplayer
464,SwearNet,https://www.swearnet.com
5,Yahoo! View,
129,Acorn TV,https://acorn.tv/
7,rocketjump.com,
8,Machinima,https://machinima.com/
20,Crunchyroll,https://www.crunchyroll.com/
10,XBOX Live,
108,CBC Gem,https://gem.cbc.ca/
329,HBO Max,https://www.hbomax.com
48,Atom.com,
173,discovery+,https://www.discoveryplus.com/
347,Peacock,https://www.peacocktv.com/
325,Quibi,
202,Facebook Watch,https://www.facebook.com/watch
316,Spectrum Originals,https://spectrumoriginals.com/
4,Crackle,https://www.crackle.com/
12,Videoland,https://www.videoland.com/
14,PlayStation Network,https://www.playstation.com/playstation-network/
27,Now,https://www.nowtv.com/
207,Citytv.com,
547,PBS Passport,https://www.pbs.org/
265,ESPN+,
13,CW Seed,
117,Sky Go,https://www.sky.com/watch/sky-go/windows
145,Freeform.com,https://www.freeform.com/
16,startrekcontinues.com,https://www.startrekcontinues.com/
15,WWE Network,
401,Tubi,https://tubitv.com/
31,Vimeo,
54,ITVX,https://www.itvx.com/
28,AOL On,
71,BBC Three,https://www.bbc.co.uk/bbcthree
221,VRV Select,
535,U,https://uktvplay.co.uk/
410,Streamz,
381,КиноПоиск,https://hd.kinopoisk.ru/
73,CC: Studios,
149,ABC iview,https://iview.abc.net.au/
315,Showtime on Demand,https://www.sho.com/on-demand/
36,Funny or Die,
21,YouTube,https://www.youtube.com
106,Comic-Con HQ,
420,PBS,
263,Nick App,
330,HBO Nordic,
238,NRK TV,https://tv.nrk.no
103,Viaplay,https://viaplay.com
52,Channel 4,https://www.channel4.com/
155,TV4 Play,
34,Pioneer One TV,
306,C More Finland,
35,Sony Entertainment,
93,Niconico,
368,RTL+,
30,Naver TV,https://tv.naver.com/
37,TVNweather,
32,Rooster Teeth,https://roosterteeth.com/
38,Stream.cz,
327,TV 2 Play,
301,ICI TOU.TV,https://ici.tou.tv/
254,RaiPlay,
40,Blip,
22,HBO Go,
42,VizAnime,
162,Foxtel Now,https://www.foxtel.com.au/now/index.html
213,Shudder,https://www.shudder.com/
47,iTunes,
763,Queen Beauty Network,https://www.queenbeauty.tv/
482,The Roku Channel,https://therokuchannel.roku.com
235,Hulu Japan,
200,Motor Trend On Demand,
164,JioHotstar,https://www.hotstar.com/in
358,ZEE5,
392,GothamGirls.com,
95,ABC.com,https://abc.com/
49,Syfy.com,https://www.syfy.com/
50,Sohu TV,https://tv.sohu.com/
63,SpaceJanitors.com,
51,Bilibili,
56,Seasonvar,
217,Channel 101,
352,ZDFmediathek,https://www.zdf.de/
86,Weibo,
59,Yahoo! Japan,
281,Premier,https://premier.one/
60,Daybreak2012.com,
260,MTV.com,
70,BBC Doctor Who Webcast,
45,UFC Fight Pass,
192,ToonsTV,
61,FemininFeminin.com,
332,ARTE.tv,
62,Halo Waypoint,
109,Crave,https://www.crave.ca/en
512,Ruutu,
64,Stan,https://www.stan.com.au/
65,TVNZ+,
522,Binge,https://binge.com.au/
277,Rivit TV,
11,NBC.com,
66,WWNLIVE,
67,iQIYI,https://www.iq.com/
69,Новый Иллюзион,
366,Okko,https://okko.tv/
423,КИОН,https://kion.ru/
9,Neonalley,
188,CuriosityStream,
121,stnv.de,https://www.stnv.de/
190,SVT Play,https://www.svtplay.se/
75,LouisCK.net,
76,Ustream,
77,Seeso,
43,YouTube Premium,https://www.youtube.com/premium
731,All Reality,
88,LINE TV,https://www.linetv.tw/
79,Sogou,
304,Twitch,https://www.twitch.tv/
338,Pluto TV,https://pluto.tv/
80,shahrzadseries.com,
89,Funimation,
25,Google Play,
351,BET+,https://www.bet.plus/
82,Steambot,
84,Mental Anime,
85,go90,
87,3wayTV.tv,https://www.3waytv.tv/
732,KIJK,https://www.kijk.nl/
167,LeTV,
90,fullscreen,
92,Vessel,
94,History Channel,https://www.history.com
104,Tencent QQ,https://v.qq.com/
96,NOTTV,
394,Canal+,https://www.canalplus.com/
110,AdultSwim.com,https://www.adultswim.com/
100,M2,
101,RTBF Auvio,https://auvio.rtbf.be/
102,Twit,
222,BluTV,https://www.blutv.com/
105,TED.com,
439,Exxen,
131,Globoplay,
125,Kino1TV,https://kino.1tv.ru/
112,Pikicast,https://www.pikicast.com/
113,Comico,
114,wavve,https://www.wavve.com/
115,dTV,
116,Young Animal Densi,
219,Play More,
119,FOD,
475,The Gizmoplex,
91,Viki,https://www.viki.com/
53,5,https://www.channel5.com/
134,halcyonvr.com,
310,Apple TV,https://tv.apple.com/
120,U17,
224,TBS.com,
135,AbemaTV,
251,Amazon Freevee,https://www.amazon.com/adlp/freevee-about
78,Apple Music,
139,Docomo Anime Store,
533,TELASA,
127,projectphoenix.tv,
128,Dramafever,
130,KPN Presenteert,https://www.kpn.com/kpn-presenteert.htm
356,Joyn,http://www.joyn.de
132,Animate.tv,
250,AMC Premiere,
118,Youku,
142,AMC.com,https://www.amc.com/
140,Flooxer,
141,fxnetworks,
144,loboonline.com,
543,Spotify,https://open.spotify.com/
147,Koldcast.tv,
245,Start,
148,Mobidic,
152,TVFPlay,
225,Munchies,
460,Magnolia Network,https://magnolia.com/network/
154,Weekly Young Jump,
156,Jauntvr,
143,PPTV,
226,Mango TV,https://w.mgtv.com/
184,Club illico,
491,Смотрим,https://smotrim.ru/
197,Blim,
158,LINDA.tv,https://www.linda.nl/kijken/
170,C More,
471,DR TV,https://dr.dk/drtv
39,LStudio.com,
160,NJPW World,
161,Kankan,
502,Pickbox NOW,https://www.pickboxnow.com/en
390,ARD Mediathek,
526,Kayo Sports,https://kayosports.com.au/
510,Epic Media,
168,CHOCO TV,https://www.chocotv.com.tw/
169,Movistar+,https://ver.movistarplus.es/
645,Ora TV,
223,BYUtv.org,https://www.byutv.org/
153,Puhu TV,
171,Tudou,
172,ETtoday,
174,Dekkoo,https://www.dekkoo.com/
175,Dove Channel,
176,HDnet,
180,TLCgo,
179,FOXNow,
191,Viafree,
374,Rakuten TV,
181,mylifetime.com,
342,Paravi,
182,TheWB.com,
183,davidlynch.com,
295,Sky Go,
185,Crackle Spotlight,
189,TYT,
574,NFL+,https://www.nfl.com/plus/games/jets-at-browns-2023-pre-0/1598747
363,Mello,
194,piperspicks.tv,
205,Bandai Channel,
195,WOW Presents Plus,http://www.wowpresentsplus.com
196,GomTV,
317,9Now,
199,Complex,
198,BrokenSaints.com,
186,Blackpills,https://blackpills.com/
515,oksusu,http://www.oksusu.com/
17,ESPN3,
328,VGTV,https://tv.vg.no/
201,ScreenMagic TV,
203,Gundam Fan Club,
204,Tate Anime,
206,Pokerstars.com,
208,VK Видео,https://vkvideo.ru/
209,ALLBLK,https://allblk.tv/
210,BMW Films,
211,Stargate Command,
212,UULA,
428,TVB Anywhere,
214,Super Deluxe,
216,Vidol,
218,Daum TvPot,
513,Cartoon Network Everything,
227,MixChannel,
228,Collegehumor,
262,myTV SUPER,
229,Nifty,
379,Shahid,
230,romanov.x0.com,
231,Square Enix,
233,Coture,
234,GAS Digital,
236,Eyeslicer.com,
240,Melon,https://www.melon.com/tv/index.htm
241,Comedy Crib,
242,Tello,
243,Snapchat,https://www.snapchat.com/
244,Sundance Now,https://www.sundancenow.com/
386,10 Play,
299,FOX Premium,
247,MagentaTV,
248,Showmax,https://www.showmax.com/
122,V LIVE,https://www.vlive.tv/home
252,France tv slash,https://www.france.tv/slash/
253,Lycos Network,
256,Red Bull TV,
369,NPO Start,https://www.npostart.nl/plus
215,Steam,
258,Olleh TV,
447,GAIN,
259,Project Alpha,
220,Yle Areena,
686,Oneplay,https://www.oneplay.cz/
261,Gaia,
367,WeTV,https://wetv.vip/
187,DC Universe,
541,Wink,
264,BeeTV,
266,Crypt TV,
268,sdarot.tv,
269,BritBox,https://www.britbox.com/
270,LUVE,
271,Xuan Fun,
430,Laftel,
273,ComicFesta,https://comic.iowl.jp/
276,DirecTV Now,
559,Okoo,https://www.france.tv/enfants/
278,FilmOn,
280,DisneyLife,
283,LINE NEWS,
284,Cartoon Hangover,
286,Piccoma TV,
99,Rutube,https://rutube.ru/
337,Иви,https://www.ivi.ru/
289,Fandango at Home,
290,TYSONPlus,
489,Play,https://play.tv
291,Apple News,
437,Star+,
293,Elisa Viihde,
294,Kakao TV,https://tv.kakao.com/top
297,Studio 4,
296,Null Video,
298,Insight TV,
302,PassionFlix,https://passionflix.com/
303,bon appétit video,
305,The Fantasy Network,
558,Amazon miniTV,https://www.amazon.in/minitv
314,NEWSWIREFM,
307,Dailymotion,https://www.dailymotion.com/
311,Dropout,https://watch.dropout.tv/browse
308,Eros Now,
309,IGTV,
405,SonyLIV,https://www.sonyliv.com/
413,Food Network Kitchen,
331,Zeus,https://www.thezeusnetwork.com/
393,Viu,
434,HBO España,
596,MHz Choice,https://mhzchoice.com/
319,TrillerTV,
321,StardomWorld,
408,Wrestle Universe,https://www.wrestle-universe.com/en
387,ThreeNow,
333,CHT MOD,
335,ALTT,
339,Olympic Channel,
343,YTV.COM,
344,Marodi.TV,
385,Voot,
345,Jash,
346,Weverse,https://www.weverse.io/
348,Hungama,
349,KSTAR,
350,AsianCrush,
353,Amazon MX Player,
354,Амедиатека,https://www.amediateka.ru/
355,STUDIO+,
357,canalvie.com,
359,Rai Gulp,
360,Rides.tv,
361,Allociné,
377,ATRESplayer PREMIUM,https://www.atresplayer.com/
362,Sprint TV,
380,Seezn,https://www.seezntv.com/
365,iflix,
391,7plus,https://7plus.com.au/
569,VK Видео Originals,https://vk.com/video/@vkvideo
371,DAZN,
372,AIS Play,https://aisplay.ais.co.th/portal/
246,more.tv,
373,xHamster,https://www.xhamster.com
376,Cosmote TV,
378,Hikari TV,
493,Player,
555,Sky Go,https://www.skygo.co.nz/
684,Fameplay.tv,https://fameplay.tv/
382,F1TV,
383,Baiskoafu,
384,iWant,https://www.iwanttfc.com/
438,JioCinema,https://www.jiocinema.com/
389,Hill.TV,
658,TG4 Player,https://www.tg4.ie/ga/
615,Nettavisen,https://www.nettavisen.no
454,TVING,https://www.tving.com/onboarding
388,Angel Studios,https://www.angel.com/
398,RTÉ Player,https://www.rte.ie/player/
701,OUTtv,https://outtvglobal.com/
396,Hoichoi,
399,GagaOOLala,
400,meWATCH,
402,GoPlay,
404,Orange TV,
407,GYAO!,
409,beIN CONNECT,
521,UPSTREAM,
584,SkyShowtime,https://www.skyshowtime.com/
412,aha,
414,Blued,
416,VTM GO,
419,TV2 Play,
417,Independentwrestling TV,
418,hmvod,
468,SBS On Demand,https://www.sbs.com.au/ondemand/
458,Watch iT!,
424,RTVE Playz,
425,Addatimes,
426,Binge,
427,Claro Video,
334,PantaYA,
429,Gemplex,
538,Heavenly,https://www.heavenly.tv/en
431,UEFA.tv,
529,The Hole,https://the-hole.tv/
433,HOOQ,
440,OPTO | SIC,
441,OzoneTV,
442,WatanFlix,
443,Planetscum,
444,X,
445,CTI TV,
446,CBC Comedy,
448,PressTV DOC,
449,MyVideo,
450,Bioscope,
451,Kartoon Channel!,
452,Aitube.kz,
455,Chill,https://chillvision.ru/
456,lateralsummer.com,
457,Bongo,
459,MEGOGO,
461,TikTok,
462,Flipkart Video,
463,KLiKK,
483,Salto,
465,BBANGYA TV,
466,Одноклассники,
467,Kuaishou,
469,Kanal 5 Play,
487,Yara,
503,MGM+,https://www.mgmplus.com/browse
472,Coupang Play,https://www.coupang.com/
474,MBC Drama,
476,Stage 13,
477,Universe,
479,Shockwave.com,
480,Pops,
481,OHO Gujarati,
592,Channel 4+,https://www.channel4.com/plus
484,Warhammer+,https://warhammerplus.com/
485,Great American Pure Flix,https://www.pureflix.com/discover-coming-soon?utm_source=google&utm_campaign=gads_search_brand&utm_medium=cpc&utm_term=pure%20flix&hsa_ver=3&hsa_grp=68693273966&hsa_acc=9355037628&hsa_ad=676826129706&hsa_src=g&hsa_tgt=kwd-325450860434&hsa_kw=pure%20f
486,U-Next,
490,Watcha,https://watcha.com/
488,wallace.atomfilms.com,
605,TF1+,https://www.tf1.fr/
494,Chorki,
496,Popstar! TV,
497,Ullu,https://ullu.app/#/home
470,VRT MAX,https://vrtmax.be
498,Viddsee,
499,Cinematic,
518,Go3,
505,ADtv,
506,DCFanDome.com,
507,filimo,
508,Namava,
511,Xive TV,
514,Lebara Play,
516,Tastemade,
517,Dust,
519,Filmin,
600,Play SRF,https://www.srf.ch/play/tv
523,OLL.TV,
532,VOYO,
524,CH3+,https://ch3plus.com/
735,NOVO19,https://novo19.ouest-france.fr/
530,CNN+,https://plus.cnn.com/plus
622,TalkTV,https://watch.talk.tv/
531,Verizon,
536,Popcornflix,https://popcornflix.com/
534,Contar,https://www.cont.ar/
610,S4C Clic,https://www.s4c.cymru/clic/
765,Elisa Huub,
528,WOW,https://www.wowtv.de/
537,Nat Geo TV,https://www.nationalgeographic.com/tv/
540,Ісландія,http://islnd.tv
620,Xclusive,https://xclusive.market/en
542,TVP VOD,https://vod.tvp.pl/
545,Super Channel On Demand,https://www.superchannel.ca/collection/3/on-demand
520,Revry,https://revry.tv/
546,HLN,https://hln.be/videos
562,ΑΝΤ1+,
549,Polsat Box Go,https://polsatboxgo.pl/start
595,Vrai,
550,Now That's Tv,https://www.nowthatstv.net
551,Serially,https://www.serially.it
557,BesTV,
641,Nebula,https://nebula.tv/
552,ViX,https://vix.com/
553,Dǒuyīn,
554,LMT,https://viedtelevizija.lv/
539,MagellanTV,https://www.magellantv.com/featured
556,VOKA,https://voka.tv/ru-RU/
560,Chaupal,https://chaupal.tv/
563,EarthxTV,https://www.earthxtv.com/
564,Kinodaran,
567,TV+ Kazakhtelecom,https://tv.telecom.kz
566,tabii,https://www.tabii.com/en
565,TV3 Play,
568,USA Network,https://www.usanetwork.com/
688,VOYO,https://voyo.si/
629,Noovo.ca,https://www.noovo.ca/
571,Extension765,http://Extension765.com
572,FilmRise,https://filmrise.com/
736,illico+,https://www.illicoplus.ca/
395,OUTtvGo,
573,Vivamax,
575,ADN,https://animationdigitalnetwork.fr/
577,Screambox,
578,IGN,
579,StarWarsKids,
580,DailyWire+,https://www.dailywire.com/watch
642,StackTV,https://www.stacktv.ca/
581,WatchMe,https://www.facebook.com/watchmenz
582,Oznoz,
583,The Design Network,
576,CNN Max,
585,CATCHPLAY+,https://corporate.catchplay.com/
586,Lemino,https://lemino.docomo.ne.jp/
587,nine.com.au,
588,U+ Mobile TV,https://mobiletv.uplus.co.kr/
589,ARMENIA PREMIUM,https://armtv.org/577-armenia-premium-tv-online.html
612,Amazon Kids+,https://www.amazon.co.uk/ftu/home?ref=d6k_applink_bb_dls&dplnkId=cf2c8abd-2308-47e3-947b-b9f7e981c117
590,Brut,
591,APTN+,https://watchaptnlumi.ca/
619,CNN International,https://edition.cnn.com/?hpt=header_edition-picker
594,M6+,
193,spike.com,
597,Homestarrunner,
637,votvot,https://www.votvot.tv/
598,Monomax,
599,VET Tv,https://www.veterantv.com/
601,LaLa TV,https://www.lala.tv/
602,STV Player,https://player.stv.tv/
603,WatchVIM,https://watchvim.com/home
604,Atrangii,https://atrangii.in/
606,NEON,
607,CBS News,
608,TopReels,
609,True ID,https://www.trueid.net/watch/
611,Western Bound,https://westernbound.com/
614,Virgin Media Player,https://www.virginmediatelevision.ie/player/
616,ABC News Live,https://abcnews.go.com/Live
617,Crime + Investigation Play,https://watch.crimeandinvestigationplay.co.uk/
19,ShoutFactoryTV,
621,The Network,https://www.thenetwork.stream/
665,Play RTS,https://www.rts.ch/play/tv
623,Newsmax2,https://www.newsmaxtv.com/n2
624,TOD,
292,NBC News Signal,
630,STAGE,
632,Migu Video,
633,RTP Play,https://www.rtp.pt/play/
628,TBN+,https://www.tbnplus.com/home
279,Hallmark+,
635,DocPlay,https://www.docplay.com/
636,3Cat,https://www.ccma.cat/3cat/
754,CHEK+,https://chekplus.ca/
639,Dramabox,
640,Grindr,
643,Knowledge:kids,https://www.knowledgekids.ca/
659,The CW App,https://www.cwtv.com/thecw/the-cw-app/
651,VIGLOO,
646,SOMM TV,https://www.sommtv.com/
647,BUMP,
648,TV5 Monde Plus,https://www.tv5mondeplus.com/fr
650,Shortime,https://shortime.app/
656,Cúla4 Player,https://cula4.com/en
654,Warner Bros. Online,https://www.warnerbros.com/
687,VOYO,https://voyo.protv.ro/
411,B/RLive,
655,Foghlaim TG4,https://foghlaim.tg4.ie/
657,YouSee,
662,Maximum Effort Channel,https://www.maximumeffortchannel.com/
663,Swipedrama,http://swipedrama.com
664,Télé-Québec,https://www.telequebec.tv/
721,france.tv,https://www.france.tv/
666,Etnomedia,https://etnomedia.tv/
667,VivaOne,https://vivaone.ph/
668,DMM TV,https://www.dmm.com/
669,InUltra,https://www.in.tv/channels/inultra
670,TruBlu,https://www.watchtrublu.com/browse
671,UniReel,
672,FAWESOME,https://fawesome.tv/home/
673,Vidio,https://www.vidio.com/
674,CBC News Now,
676,mitele,https://www.mitele.es/
677,OSN+,https://osnplus.com
678,Sweet.tv,https://sweet.tv/uk
679,Meta.com,
680,Voyd Play,
649,OFTV,
681,Yango Play,https://play.yango.com/
682,tet,https://www.tet.lv/televizija
653,Starz,
685,IVysílání,https://www.ceskatelevize.cz/ivysilani/
690,VOO,https://voo.mn
638,Māori+,https://www.maoriplus.co.nz/
652,Noticias Telemundo Ahora,https://www.telemundo.com/noticias/noticias-telemundo-ahora
691,Salom TV,https://salomtv.uz/
692,DramaWave,https://mydramawave.com/
693,Beyaz TV,https://beyaztv.com.tr/
694,History Hit,https://access.historyhit.com/browse
696,Astro GO,https://astrogo.astro.com.my/hubHome
708,KilaKila,
709,CCTV.com,
697,filmnet,
698,StarNet,
644,Roku Sports Channel,
699,Brandon TV,https://www.itsbrandontv.com/
700,OUTflix,https://www.outflix.com/
702,LumoTV,https://lumotv.co.uk/
704,iTV,https://itv.uz/
705,TVer,https://tver.jp/
706,Fork & Flight,
710,Hayu,https://www.hayu.com/
713,Bi Kanal,https://www.bikanal.com/
711,RTД,https://rtd.rt.com/
714,Flow,https://www.flow.com.ar/
715,Hongguo,https://www.novelquickapp.com/
720,Kyivstar TV,
716,CNN Headlines,
717,Unico Play,https://unicoplay.com/
718,DOM,https://www.dom.show/
719,Reelshort,https://www.reelshort.com/
722,TV JOJ,https://www.joj.sk/
723,Bloomberg TV+,https://www.bloomberg.com/live/us/btv
675,CNN.com,https://www.cnn.com/
724,Telemundo Mobile,
726,CHETV.RU,https://chetv.ru/
727,UrbanflixTV,https://urbanflixtv.com/
728,Freedom Media,https://fmedia.kz/
729,Museum TV,https://www.museumtv.art
730,Beacon,https://beacon.tv/
725,Wonder Project,https://www.thewonderproject.com/
733,My Drama,https://my-drama.com
740,UP Faith & Family,https://upfaithandfamily.com/?ajs_aid=4619f64a-f4a6-48a2-a84f-302dec6bcd69
737,Here TV,https://www.here.tv/
738,DramaShorts,https://dramashorts.io/
739,OurChart.com,
749,TrueVisions Now,https://truevisions.co.th/
741,show1,https://www.show1.tv/
742,Viva+,https://vivaplus.tv/en-eur
743,ibidyoupeace,https://ibidyoupeace.com/
755,PowerKids,
744,BeeTV,https://beetv.kz/
745,blue+,https://www.blueplus.ch/
746,NT Play,https://ntplay.com/home/index.html
747,Canal Q,
748,WheelHouse TV,https://www.wheelhousetv.com/
750,KITZ,https://kitzofficial.com/
752,DiaTV,https://diaestudio.com/
751,Soyomo,https://soyo-mo.com/
753,SHEYDA,https://www.sheyda.com/
683,DStv Stream,http://www.dstv.com/
761,VOYO RTL.hr,https://voyo.rtl.hr/
756,RiffTrax,https://www.rifftrax.com/
757,Sooka,
758,TVI Player,https://tviplayer.iol.pt/
760,Sky Show,https://show.sky.ch/en
762,Christian Channel,https://www.christianchannel.com/
764,ERTFLIX,https://www.ertflix.gr/#/landing
766,Venevision Play,https://venevisionplay.com/
23,BlazeTV,
768,discovery+,https://www.discoveryplus.in/
769,MS NOW Membership,https://www.ms.now/membership
770,HIDIVE,https://welcome.hidive.com/
